Recipient.Organization,ngotype
NGO Consortium,Southern International NGO
International Council of Voluntary Agencies,International NGO
Save the Children,International NGO
SolidaritÈs International,International NGO
International Rescue Committee,International NGO
Norwegian People's Aid,International NGO
Norwegian Refugee Council,International NGO
CARE International,International NGO
OXFAM,International NGO
MEDAIR,International NGO
Concern Worldwide,International NGO
Catholic Relief Services,International NGO
ACT Alliance / Church of Sweden,International NGO
OXFAM GB,International NGO
Islamic Relief Worldwide,International NGO
Agency for Technical Cooperation and Development,International NGO
Caritas Germany (DCV),International NGO
Help - Hilfe zur Selbsthilfe e.V.,International NGO
Action Contre la Faim,International NGO
Mission Enfance,International NGO
Association Help -Tchad pour le dÈveloppement,Local NGO
Johanniter Unfallhilfe e.V.,International NGO
African Medical and Research Foundation,Southern International NGO
ACT Alliance / DanChurchAid,International NGO
Relief International,International NGO
Mission Ost - DNK,International NGO
MÈdecins sans FrontiËres,International NGO
Cooperazione Internazionale - COOPI,International NGO
GOAL,International NGO
Danish Refugee Council,International NGO
CARITAS,International NGO
Caritas Niger/Caritas DÈveloppement Niger,National NGO
Caritas Chad,National NGO
Adventist Development and Relief Agency,International NGO
Handicap International / Humanity & Inclusion,International NGO
ONGD - FNEL,International NGO
NGOs (details not yet provided),Undefined NGO
Alliance for International Medical Action,International NGO
INTERSOS Humanitarian Aid Organization,International NGO
Samaritan's Purse,International NGO
Confident Children out of Conflict,Local NGO
International Medical Corps UK,International NGO
Community in Need Aid,National NGO
Nonviolent Peaceforce,International NGO
Nile Hope,National NGO
Danish De-mining Group,International NGO
Standard Action Liaison Focus,Local/National NGO
Universal Intervention and Development Organization,National NGO
Hold the Child Organisation,National NGO
Universal Network for Knowledge and Empowerment Agency,National NGO
Polish Humanitarian Action,International NGO
ACT Alliance / Lutheran World Federation,International NGO
Lacha Community and Economic Development,National NGO
South Sudan Development Agency,International NGO
Medici con l'Africa CUAMM,International NGO
Comitato Collaborazione Medica,International NGO
Christian Mission Aid,International NGO
Health Link South Sudan,National NGO
Sudan Medical Care,National NGO
IBIS,International NGO
ACT Alliance / Finn Church Aid,International NGO
Advocates Coalition for Rights and Development,National NGO
Community Agribusiness Development Agency,National NGO
Fashoda Youth Forum,National NGO
Plan International,International NGO
Arbeiter-Samariter-Bund Deutschland e.V,International NGO
ACT Alliance / Diakonie Katastrophenhilfe,International NGO
International NGO Safety Organisation,International NGO
Triangle GÈnÈration Humanitaire,International NGO
Humedica,International NGO
Arche Nova E.V. - Initiative for People in Need,International NGO
World Vision International,International NGO
Deutsche Welthungerhilfe e.V. (German Agro Action),International NGO
Women And Health Alliance,International NGO
Global Network for Disaster Reduction,International NGO
CARE Australia,International NGO
MÈdecins du Monde France,International NGO
Malteser International Order of Malta World Relief,International NGO
International Planned Parenthood Federation,International NGO
Medico International,International NGO
Focus Humanitarian Assistance,International NGO
Royal Health Awareness Society,National NGO
Syrian American Medical Society Foundation,International NGO
Start Fund,International NGO
Terre des Hommes International,International NGO
MÈdicos del Mundo Spain,International NGO
MÈdecins sans FrontiËres - Netherlands,International NGO
PremiËre Urgence (until 2010),International NGO
MÈdecins sans FrontiËres - Belgium,International NGO
Les Sarments de Lavaux,International NGO
Swiss AIDS Care International,International NGO
PremiËre Urgence - Aide MÈdicale Internationale (from 2011 to 2015),International NGO
Oxfam Intermon,International NGO
Union des Organisations Syrienne de Secours MÈdicaux,International NGO
AMEL - Lebanese Association for Popular Action,National NGO
ACF - France,International NGO
ACF - Spain,International NGO
Center for Victims of Torture,International NGO
Food for the Hungry International,International NGO
CARE Canada,International NGO
OXFAM America,International NGO
World Wildlife Fund,International NGO
Asian Disaster Preparedness Centre,Southern International NGO
Hope International Development Agency,International NGO
MÈdecins sans FrontiËres - Canada,International NGO
Counterpart International,International NGO
Buddhist Tzu Chi Foundation,International NGO
Fondation Caritas Luxembourg,International NGO
Aide Ì† l''Enfance de l''Inde,International NGO
ChrÈtiens pour le Sahel,International NGO
Handicap International Luxembourg,International NGO
TEARFUND,International NGO
"ACT Alliance / Diakonia, Sweden",International NGO
Medical Aid for Palestinians,International NGO
Terre des Hommes - Italy,International NGO
ZOA,International NGO
Association for Aid and Relief Japan,International NGO
CWS Japan,International NGO
Japan Emergency NGO,International NGO
International Campaign to Abolish Nuclear Weapons (ICAN),International NGO
International Volunteer Center of Yamagata,International NGO
Kokkyo naki Kodomotachi (Children without Borders),International NGO
Peace Winds Japan,International NGO
CANADEM,International NGO
Vento di Terra,International NGO
PARCIC,International NGO
Japan Center for Conflict Prevention,International NGO
SOS Kinderdorf,International NGO
Development and Peace,International NGO
MÈdecins du Monde,International NGO
ACT Alliance / Lutheran World Relief (LWR/Canada),International NGO
CARE Somalia,Internationally affiliated NGO
Cooperazione E Sviluppo - CESVI,International NGO
MÈdecins du Monde Belgium,International NGO
Catholic Agency for Overseas Development,International NGO
International Medical Corps,International NGO
Associazione Internazionale Volontari Laici,International NGO
MÈdecins sans FrontiËres - Switzerland,International NGO
ACF - USA,International NGO
OXFAM Netherlands (NOVIB),International NGO
VÈtÈrinaires sans FrontiËres (Switzerland),International NGO
Joint Aid Management International,Southern International NGO
World Relief,International NGO
Comitato di Coordinamento delle Organizzazione per il Servizio Volontario,International NGO
World Vision South Sudan,Internationally affiliated NGO
Support for Peace and Education Development Program,National NGO
The Health Support Organization,Southern International NGO
Fida International,International NGO
World Vision Canada,International NGO
Stichting CARE Nederland,International NGO
SOS Sahel International,International NGO
People in Need,International NGO
Food for the Hungry,International NGO
CARE Austria,International NGO
World Vision  Netherlands,International NGO
OXFAM Quebec,International NGO
Mercy Corps,International NGO
Canadian Catholic Organization for Development and Peace (Caritas Canada),International NGO
ACT Alliance / Canadian Lutheran World Relief,International NGO
Association Persis Valais,International NGO
Association of International Development Agencies,International NGO
Swedish Mission Council,International NGO
CARE Luxembourg,International NGO
Kindernothilfe e.V.,International NGO
VÈtÈrinaires sans FrontiËres (Germany),International NGO
Svenska Missionsradet,International NGO
Ramakrishna Mission,Southern International NGO
CARE France,International NGO
Trocaire,International NGO
Practical Action (formerly Intermediate Technology Development Group),International NGO
ChildFund International,International NGO
Rebuild and Relief International NGO gGmbH,International NGO
Mission East,International NGO
Care for Children and Old Age in South Sudan,National NGO
Christian Mission for Development,National NGO
Good Neighbours Inc,International NGO
Danish Committee for Aid to Afghan Refugees,International NGO
Vision Hope International,International NGO
Plan Ireland,International NGO
Aga Khan Foundation,International NGO
Caritas Switzerland,International NGO
OXFAM Belgium,International NGO
La chaine de l'espoir,International NGO
Alinshat Area  Association (Inshaat),National NGO
Circassian Charity Association,National NGO
iMMAP,International NGO
Agronomes et VÈtÈrinaires Sans FrontiËres,International NGO
Plan Sweden,International NGO
HelpAge International UK,International NGO
Care Germany,International NGO
OXFAM Ireland,International NGO
War Child,International NGO
Solidar Suisse,International NGO
CARE Ecuador,Internationally affiliated NGO
HALO Trust,International NGO
Catholic Organisation for Relief and Development Aid,International NGO
ActionAid International,International NGO
La Strada International / Open Gate,International NGO
Macedonian Young Lawyers Association (MYLA),National NGO
Operation Mercy,International NGO
NOSTOS - Organisation for Social Integration,National NGO
Solidarity Now,National NGO
Human Appeal International (UAE),Southern International NGO
Caritas Hellas - Caritas Greece,National NGO
KSPM-ERP Integration Centre for Migrant Workers - Ecumenical Refugee Program,National NGO
Nun Kultura,National NGO
Internews,International NGO
Macedonia Centre for International Cooperation,National NGO
Dorcas Aid International,International NGO
International Islamic Relief Organization,Southern International NGO
SOS Villages d'Enfants,International NGO
Agency for Cooperation and Research in Development,Southern International NGO
Project Concern International,International NGO
Volunteer Organization for the International Co-operation la Nostra Famiglia,International NGO
Mission am Nill,International NGO
Gruppo Volontariato Civile,International NGO
Medicus Mundi,International NGO
SWISSO - Kalmo,International NGO
International Dalit Solidarity Network,International NGO
Norwegian Aid Committee,International NGO
Arab Reporters for Investigative Journalism,Southern International NGO
LEGIS,National NGO
"FundaciÛn Alianza por Los Derechos, la Igualdad y  la Solidaridad Internacional",International NGO
ARSIS Association for the Social Support of Youth,National NGO
Caritas Athens,National NGO
Association Morija,International NGO
InformAction,International NGO
Syrian Society for Social Development,National NGO
Oxfam Italia,International NGO
OXFAM Canada,International NGO
Direct Aid,Southern International NGO
German Toilet Organization e.V.,International NGO
The Mentor Initiative,International NGO
World Vision USA,International NGO
World Neighbors,International NGO
Plan Canada,International NGO
Agricultural Cooperative Development International and Volunteers in Overseas Cooperative Assistance,International NGO
Care Peru,Internationally affiliated NGO
The Asia Foundation,International NGO
ACT Alliance / Norwegian Church Aid,International NGO
FundaciÛn Plan,National NGO
ACT Alliance / Christian Aid,International NGO
Secours Catholique et DÈveloppement,International NGO
Oeuvre d'Orient,International NGO
HumaniTerra International,International NGO
Afkar Society for Development and Human Relief,National NGO
War Child UK,International NGO
The United Iraqi Medical Society for Relief and Development,National NGO
Heevie Kurdistan Development,Local NGO
United Foundation for Relief and Abiding Development,National NGO
EMERGENCY - Life Support for Civilian War Victims ONG Onlus,International NGO
Al Mamoura Humanitarian Establishment,Local NGO
KAALO Relief and Development Organisation,National NGO
American Refugee Committee,International NGO
Muslim Aid,International NGO
Norwegian Society for Sea Rescue,International NGO
Stiftung KARIBU Kinderhilfe,International NGO
Christian Solidarity International,International NGO
GRET,International NGO
Institut EuropÈen de CoopÈration et de DÈveloppement,International NGO
Secours Islamique France,International NGO
Afghanaid,International NGO
MADERA,International NGO
Association pour le dÈveloppement social et la sauvegarde de líenvironnement,National NGO
Al Afia Fund Charity,Local/National NGO
Al-Birr Association for Charity and Social Services,National NGO
ABAAD-Resource Center for Gender Equality,National NGO
Himaya Daee Aataa Association,National NGO
Mines Advisory Group,International NGO
OXFAM International,International NGO
World Rehabilitation Fund,International NGO
RenÈ Moawad Foundation,National NGO
Relief and Humanitarian Aid Organisation in Dar al Fatwa,National NGO
Mena Organization for Services Advocacy integration and Capacity Building,Southern International NGO
Fundacion Promocion Social de la Cultura,International NGO
Business Incubation Association in Tripoli,National NGO
Qatar Charity,Southern International NGO
World Vision Sudan,Internationally affiliated NGO
Swedish and Norwegian Ecumenical Accompaniment Programme in Palestine and Israel,International NGO
Cooperazione per lo Sviluppo dei Paesi Emergenti - COSPE,International NGO
Istituto Oikos onlus,International NGO
Centro Sviluppo Terzo Mondo Onlus,International NGO
Associazione SolidarietÌ† e lo Sviluppo - Confederazione Italiana Agricoltori,National NGO
Heartland Alliance International,International NGO
International Catholic Migration Commission,International NGO
World Vision Ireland,International NGO
International Centre for Transitional Justice,International NGO
Caritas Norway,International NGO
International Humanitarian Relief,International NGO
Centro Internazionale per l'Infanzia e la Famiglia,International NGO
Associazione Volontari per il Servizio Internazionale,International NGO
Ente Nazionale Giuseppini del Murialdo,International NGO
Emergency ONG,International NGO
Habitat for Humanity International,International NGO
International Orthodox Christian Charities,International NGO
International Relief and Development,International NGO
HelpAge International,International NGO
Un Ponte Per,International NGO
Jordan Health Aid Society,Southern International NGO
"Movimiento por la Paz, el Desarme y la Libertad",International NGO
Nippon International Cooperation for Community Development,International NGO
Questscope,Southern International NGO
Plan Niger,Internationally affiliated NGO
Tanganyika Christian Refugee Service,National NGO
Water Missions International,International NGO
Smile Again Africa Development Organization,National NGO
Medica Mondiale,International NGO
Eng Oppen Hand fir Malawi,International NGO
Development and Inter-Church Aid Commission,National NGO
ACBAR - Agency Coordinating Body for Afghan Relief,National NGO
RET International (Former The Foundation for the Refugee Education Trust till 2014),International NGO
Associazione Italiana per la SolidarietÌ† tra I Popoli,International NGO
International Aid Services,International NGO
Salvation Army,International NGO
Hilfswerk Liechtenstein,International NGO
Terre des Hommes - Lausanne,International NGO
AiBi Associazione Amici dei Bambini,International NGO
"Movimiento Por La Paz, El Desarme Y La Libertad, (E)",International NGO
Association des Femmes pour la Promotion de l'Entreprenariat,Local/National NGO
Association pour le dÈveloppement de M'Bres,National NGO
Caritas Centrafricaine,National NGO
Fondation Suisse pour le DÈminage,International NGO
Main dans la Main pour l'Assistance Humanitaire et le DÈveloppement Durable,National NGO
Person in Need Relief Mission,National NGO
Women's Evangelical Association of Bossangoa,Local/National NGO
VitalitÈ Plus,Local NGO
Habitat for Humanity Fiji,Internationally affiliated NGO
World Vision Australia,International NGO
Syria Relief,International NGO
Plan USA,International NGO
Praktisk Solidarites,International NGO
ZIF - Center for International Peace Operations,International NGO
Comitato Internationale per lo Sviluppo dei Popoli,International NGO
LandsAid e.V.,International NGO
Alsalam Organization for Rehabilitation and Development,Local/National NGO
Jesuit Refugee Service,International NGO
Cultivating New Frontiers in Agriculture,International NGO
Pharmaciens sans frontiËres (PSF),International NGO
Friendship Luxembourg,International NGO
Life Makers Meeting Place Organization,Local NGO
Abs Development for Women and Children,National NGO
Al-Atta Institution for Social Development and Charity,National NGO
Charitable Society for Social Welfare,National NGO
The Humanitarian Forum Yemen,National NGO
Yemen Family Care Association,National NGO
National Foundation for Development and Human Rights,National NGO
Evangelisches Werk f¸r Diakonie und Entwicklung e.V.,International NGO
Fonds díIntervention pour le DÈveloppement,National NGO
Danish Mission Council Development,International NGO
Economic & Social Development Centre of Palestine,National NGO
Palestinian Agricultural Relief Committees,National NGO
Mission Aviation Fellowship,International NGO
Asia Humanitarian Organization,National NGO
Comprehensive Health and Education Forum International,Southern International NGO
Foundation for Rural Development,National NGO
Frontier Organization for Reforms and Transformation,Local NGO
Humanitarian Organization for Poverty Elimination,Local NGO
Kamore Development Welfare Organization,National NGO
Khwendo Kor,National NGO
Pakhtunkhwa Rural Support Program,Local NGO
LASOONA - Society for Human and Natural Resource Development,National NGO
Pakistan Village Development Program,National NGO
Participatory Rural Development Society,Local NGO
Peoples Empowerment and Consulting Enterprise,Local NGO
Philanthrope,National NGO
Poverty Alliance Welfare Trust,National NGO
Prime Foundation,National NGO
Sanjh Preet Organization,National NGO
Sarhad Rural Support Programme,Local NGO
Society for Appraisal and Women Empowerment in Rural Areas,Local NGO
Women Concerns Organization,Local NGO
Women Empowerment Organization,Local NGO
RABT Development Organization,Local NGO
Solidarites-France,International NGO
Gaza Community Mental Health Programme,Local NGO
Lamset Shifa,Local/National NGO
Jordan paramedic society,National NGO
Syria Relief and Development,International NGO
Caritas Lebanon Migrants Center,National NGO
Rebuild Iraq Recruitment Program,International NGO
FundaciÛn Halu Bienestar Humano,Local NGO
AISHA Association for Woman and Child Protection,National NGO
Czech Evang. Diacony,International NGO
Canadian Food Grains Bank,International NGO
Secours Catholique - Caritas France,International NGO
Tahaddi & Apprentis d'Auteuils,International NGO
OVERSEAS-Onlus,International NGO
EducAid Onlus,International NGO
International Campaign to Ban Landmines,International NGO
Protecting Through Education,International NGO
African Development Solutions,Southern International NGO
InterAction,International NGO
Norwegian Refugee Council/CARDI,International NGO
Rural Development Initiative South Sudan,National NGO
Associazione Centro Aiuti Volontari Cooperazione Sviluppo Terzo Mondo,International NGO
Caritas New Zealand,International NGO
TEAR Fund New Zealand,International NGO
CARE USA,International NGO
ITF,International NGO
Shelter Centre,International NGO
Al Ihsan NGO,Local NGO
Interchurch Medical Assistance World Health,International NGO
CARE Haiti,Internationally affiliated NGO
Organization for Voluntary Humanitarian Assistance Programme,National NGO
NGO Coordination Committee for Iraq,National NGO
The Coalition Of Humanitarian Relief,Local NGO
Reseau des Entrepreneurs Solidaires,International NGO
Handicap International Belgium,International NGO
MAGNA Medical and Nutrition Global Aid,International NGO
"Rehabilitation, Education And Community Health",National NGO
Siriri,International NGO
Search for Common Ground,International NGO
Hebrew Immigrant Aid Society,International NGO
Global Communities,International NGO
MapAction,International NGO
Reseau National des droits humains,National NGO
DIOTIMA Centre of research on Women's Issues,National NGO
HSA Humanitarian Support Agency,International NGO
J/P Haitian Relief Organization,International NGO
Christoffel-Blindenmission,International NGO
Team Rubicon,International NGO
Plan Zimbabwe,Internationally affiliated NGO
Libraries without Borders,International NGO
Network for Children's Rights,National NGO
Translators without Borders,International NGO
The Engineering Association for Development and Environment,Local NGO
Action for Development,Southern International NGO
Afghan Health & Development Services,National NGO
Afghanistan Center for Training and Development,National NGO
Agency for Assistance and Development of Afghanistan,National NGO
Coordination of Afghan Relief,National NGO
Organization for Research and Community Development,Southern International NGO
HealthNet International Transcultural Psychosocial Organization,International NGO
Afghan Planning Agency,National NGO
Youth Health & Development Organization,National NGO
MRCA - Medical Refresher Course for Afghan,International NGO
Mine Detection Centre,National NGO
Metta Development Foundation,National NGO
Organisation for Mine Clearance and Afghan Rehabilitation / Mine Detection Dog Centre,National NGO
Human Resources Development Agency,National NGO
Engineers Without Borders,International NGO
EliseCare,International NGO
Centre canadien d'Ètude et de coopÈration internationale (CECI),International NGO
World Vision Ethiopia,Internationally affiliated NGO
Pan American Development Foundation,International NGO
Stichting ZOA,International NGO
Doctors Aid Medical Activities,Local NGO
Mercy Hands for Humanitarian Aid,National NGO
Representative of Nineveh Voluntary for Internally Displaced Persons Organization,National NGO
Sante Sud,International NGO
The Israel Forum for International Humanitarian Aid,Southern International NGO
Barzani Charity Foundation,Local NGO
Kuwaiti Yemeni Relief,Southern International NGO
The Haven Community Foundation,International NGO
CARE International Switzerland in Sudan,Internationally affiliated NGO
War Child Canada,International NGO
World Concern Development Organization,International NGO
Dutch Relief Alliance,International NGO
URBAN REFUGEES,International NGO
ACT Alliance / Church World Service,International NGO
Impact Health Organization,National NGO
Caritas Austria,International NGO
World University Service - Canada,International NGO
FilmAid International,International NGO
Rural Community Action for Peace and Development,National NGO
ACT Alliance / Lutheran World Relief,International NGO
Women's Refugee Commission,International NGO
Young Menís Christian Association,International NGO
Centro de Estudios y Prevencion de Desastres,National NGO
John Dau Foundation,International NGO
Lanka Jatika Sarvodaya Shramadana Sangamaya,National NGO
Center for Education and Development,Local NGO
Nutrition Action Zimbabwe,Local NGO
Organisation of Rural Associations for Progress,National NGO
Heart to Heart International,International NGO
United Peace Organization,National NGO
JASMAR Human Security Organization,National NGO
Plan Sudan,Internationally affiliated NGO
Darfur Development and Reconstruction Agency (DDRA),National NGO
Almanar Voluntary Organization,Local NGO
Labena Organization for Women Development Aid Capacity Building,National NGO
Sustainable Action Group,National NGO
FPDO,National NGO
Kuwait Patients Helping Fund,Southern International NGO
El Ruhama Organization for Development and Humanitarian Aid,National NGO
Panhealth Care Organization,Local NGO
Almassar Charity organization for Nomadís Development and Environmental Conservation,National NGO
"Anhar for Peace, Development and Humanitarian Work Organization",National NGO
Kabakabiya Smallhoders Charitable Society,National NGO
National Demining Units Organization,National NGO
Nada Elazhar for Disaster Prevention and Sustainable Development,National NGO
ACT Alliance / United Methodist Committee on Relief,International NGO
Global Aid Hand,National NGO
Peoples' Organization for Development and Rehabilitation,Local/National NGO
Zulfa Development and Peace Organization,Local/National NGO
Cooperation for Development Organization,National NGO
Fondation Humanitaire Internationale AICM Ukraine,International NGO
Geneva International Centre for Humanitarian Demining,International NGO
Auranitis Life Line for development and training,Southern International NGO
Kachin Baptist Convention,National NGO
Humanitarian Initiative Just Relief Aid Organization,Southern International NGO
Myanmar Nurse and Midwife Association,National NGO
Skills Active Forward,International NGO
Somali Aid Foundations,Local NGO
Southern Aid,Southern International NGO
Sustainable Development and Peace Building Initiatives,National NGO
Wamo Relief and Rehabilitation Services,Southern International NGO
Danchurchaid / Danish De-mining Group,International NGO
Mercy Malaysia,Southern International NGO
Nyein (Shalom) Foundation,Local NGO
Ratana Metta Organization,National NGO
Iraqi Al-Mortaqa Foundation for Human Development,National NGO
World Vision Niger,Internationally affiliated NGO
action medeor e.V.,International NGO
Action Contre la PauvretÈ (ACP),National NGO
Actions et Interventions pour le DÈveloppement et l'Encadrement Social,Local NGO
Crisis Action,International NGO
CARE Norway,International NGO
Sorouh for Sustainable Development Foundation,National NGO
Iraq Health Access Organization,National NGO
Maarouf Saad Social and Cultural Foundation,National NGO
National Institution of Social Care & Vocational Training,National NGO
PremiËre Urgence Internationale,International NGO
RedR,International NGO
"Social, Humanitarian, Economical Intervention for Local Developmen",National NGO
Development and Ability Organization,National NGO
Safadi Foundation,National NGO
UTOPIA Organization,National NGO
Mercy-USA for Aid and Development,International NGO
Doctors of the World,International NGO
ACT Alliance / Christian Aid UK,International NGO
Americares,International NGO
Physicians Across Continents,International NGO
Africa Humanitarian Action,Southern International NGO
World Vision Chad,Internationally affiliated NGO
Somalia Resilience Program,International NGO
Community Development Association,National NGO
World Vision Zimbabwe,Internationally affiliated NGO
Haitian Health Foundation,International NGO
Nahda Makers Organization,Local NGO
National Foundation for Development and Humanitarian Response,National NGO
Yemeni Development Network for NGOs,National NGO
Action d'Espoir,National NGO
Actions ConcrËte pour la Protection de l'Enfance,Local NGO
African Initatives for Relief and Development,Southern International NGO
Association des jeunes pour le dÈveloppement communautaire,National NGO
CorporaciÛn Infancia y Desarrollo (CID),National NGO
Secretariado Diocesano de Pastoral Social,Local NGO
AVREO,Local/National NGO
CAMPS/CELPA,Local/National NGO
Centre de DÈveloppement IntÈgral pour líEnfant Rural,National NGO
Centre de Promotion Socio-Sanitaire,Local NGO
NGO Mondo,International NGO
Collectif Alpha Ujuvi (CAU),Southern International NGO
Federation Handicap International. Direction Aide Humanitaire,International NGO
Groupe La Colombe,National NGO
International Emergency and Development Aid,International NGO
Centre for Peace and Democracy,International NGO
Formal Education Network for Private Schools,National NGO
Rebuild Hope for Africa,Local NGO
Women and Children Child Care Organization,National NGO
Roles for Social Change Association,National NGO
CTM,International NGO
Community World Service Asia,Southern International NGO
United Iraqi Medical Society for Relief & Development,National NGO
Lutherian World Fund,International NGO
Enjaz foundation for development,Local NGO
"IHH-Humanitarian Relief Foundation, Turkey",Southern International NGO
Sama Al-Yemen Development Foundation,Local NGO
Syria Civil Defence,National NGO
American Near East Refugee Aid,International NGO
Comite Catholique contre la faim,International NGO
Order of Malta Lebanon,International NGO
Secours Populaire Francais,International NGO
Women Now for Development,International NGO
Japan Campaign for Children of Palestine,International NGO
Child Care Society,National NGO
Monastery Saint James the Mutilated,Local NGO
ONG Rescate International,International NGO
SOS Children's Villages,International NGO
Friendship,National NGO
"Ayuda, Intercambio y Desarrollo",International NGO
AsociaciÛn de Trabajadores y Tecnicos Sin Fronteras,International NGO
Centro de Estudios Rurales y de Agricultura Internacional,International NGO
FundaciÛn Ojos del Mundo,International NGO
Verein B‰r und Leu,International NGO
Helvetas Swiss Intercooperation,International NGO
International Youth Council - Yemen,Internationally affiliated NGO
Solidarmed,International NGO
Kreuz des S¸dens,International NGO
World Vision New Zealand,International NGO
Shanti Volunteer Association,International NGO
SDGs Promise Japan,International NGO
Karuna Myanmar Social Services,National NGO
Myittar Resource Foundation,National NGO
Rotary International,International NGO
Aweil Window of Opportunities and Development Agency,Local/National NGO
Direct Focus Community Aid,National NGO
KAFA Enough Violence and Exploitation,National NGO
Basmeh and Zeitooneh for Relief and Development - G¸l¸mseme ve zeytin,Southern International NGO
War Child Holland,International NGO
International Trust Fund for Demining and Victim Assistance,International NGO
Action for Relief and Development,Southern International NGO
SomaliAid,National NGO
Somali Development and Rehabilitation Organisation,National NGO
Wardi Relief and Development Initiatives,Southern International NGO
Somali Organic Agriculture Development Organization,National NGO
Save Somali Women and Children,National NGO
DEH Relief and Development Organization,National NGO
ACT Alliance / Diakonie Emergency Aid,International NGO
Health Poverty Action,International NGO
NCA+partners,International NGO
Lay Volunteers International Association,International NGO
Volontariato Internazionale per lo Sviluppo,International NGO
Palestinian Medical Relief Society,National NGO
ArmandoAid,International NGO
Emergency Response Centre International,National NGO
Faros Organizaton,National NGO
Filoxenia International,National NGO
NGO Atina - Citizens Association for Combating Trafficking in Human Beings and all Forms of Gender-based Violence,National NGO
Initiative for Development and Cooperation,National NGO
Gruppo per le Relazioni Transculturali,International NGO
Zamzam Foundation,National NGO
LOVASOA,Internationally affiliated NGO
Islamic Relief Pakistan,Internationally affiliated NGO
ACF - Canada,Internationally affiliated NGO
International Children's Action Network,International NGO
African Disability Association,Southern International NGO
Agricultural Development Organisation,National NGO
Golweyne Relief and Rehabilitation,Local NGO
Social Life and Agricultural Development Organisation,Southern International NGO
Somali Transformation Group,Local NGO
Salama Medical Agency,Local NGO
Aid Vision,Local NGO
Ihsan for Relief and Development,Southern International NGO
Japan Agency for Development and Emergency,International NGO
Alyateem Development Foundation,Undefined NGO
Al Khair Relief Development Foundation,International NGO
United Purpose (formerly known as Concern Universal),International NGO
International Aid Network,National NGO
Nurture Project International,International NGO
Armadilla S.c.s. Onlus,International NGO
Rescue Team International,National NGO
Schˆnst‰tter Marienschwestern,International NGO
Ruedi L¸thy Foundation,International NGO
Association du Centre de SantÈ de Musongati,International NGO
Caritas Peru,National NGO
International Media Support,International NGO
Voluntary Organisations in Cooperation in Emergencies,International NGO
Middle East Childrenís Institute,International NGO
Right to Play,International NGO
Chavin Organization for the Care of Children,Local/National NGO
Harikar NGO,National NGO
Action Africa Help International,Southern International NGO
Association Medina,International NGO
Samusocial International,International NGO
Support to Life,National NGO
Action Against Hunger,International NGO
Associazione Amici dellíOasis Togo,International NGO
MÈdecins du Monde Canada,Internationally affiliated NGO
Street Children Aid,National NGO
Afro-Canadian Evangelical Mission,National NGO
Tawa Organization for Civil Development,Local/National NGO
Benevolence Coalition For Humanitarian Relief,National NGO
Wethaq Foundation for Civil Orientation,National NGO
Community Aid for Relief and Development,National NGO
Al-Badyah Charitable Foundation,Undefined NGO
Help Restore Youth South Sudan,National NGO
Community Aid for Fisheries and Agriculture Development,National NGO
Children Aid South Sudan,National NGO
Africa Development Aid,National NGO
Centre for Emergency and Development Support,International NGO
Humanitarian Quality Assurance Initiative,International NGO
HOPEí87 - Hundreds of Original Projects for Employment,International NGO
Center for Diversity and National Harmony,National NGO
Geneva Call,International NGO
Abo Mousa Alashary Social Charitable Association,National NGO
Center for the Defence of the Individual,Southern International NGO
MA'AN Development Center,National NGO
NGO Development Center,Southern International NGO
Palestinian Al Nakheel Association for Progress and Development,National NGO
Palestinian Center for Human Rights,National NGO
Union of Health Work Committees,National NGO
Mercy Corps Scotland,International NGO
Peace Bridge Association,National NGO
Sudanese Organization for Relief and Recovery (formerly Sudanese Organization for Rehabilitation and Construction),National NGO
African Volunteers for Relief and Development,National NGO
ArmÈe du Salut Kalemie,Internationally affiliated NGO
"Association des Volontaires pour la Recuperation des Enfants Orphelins,AbandonnÈs,DÈplacÈs et Mal",National NGO
Save Congo,National NGO
AMAR International Charitable Foundation,International NGO
Help The Needy,International NGO
SOS Sahel Ethiopia,Internationally affiliated NGO
METAdrasi - Action for Migration and Development,National NGO
Start Point,Southern International NGO
Shaqodoon Organization,National NGO
Action Mopti,International NGO
Initiative for Rural Empowerment,Local NGO
ACT Alliance / World Renew,International NGO
Habitat for Humanity Ethiopia,Internationally affiliated NGO
Sarvodaya Shramadana Movement,National NGO
Catholic Caritas Foundation of Nigeria,National NGO
Center for Disaster Preparedness,National NGO
VÈtÈrinaire sans Frontieres,International NGO
Action pour le DÈveloppement du Sahel,National NGO
Syria Relief Network,Southern International NGO
Campana Colombiana Contra Minas,National NGO
World Relief Deutschland e.V.,International NGO
Association pour la CoopÈration Technique et au DÈveloppement,International NGO
Ana Aqra Association,National NGO
Lebanese Society for Educational and Social Development,Southern International NGO
Medical Teams International,International NGO
Restart Center for Rehabilitation of Victims of Violence and Torture,National NGO
Social Humanitarian Economical Intervention for Local Development,National NGO
CARE Germany-Luxembourg eV,International NGO
All Girls Foundation for Development,National NGO
Violet Organization,National NGO
Yemen Women Union,National NGO
Vet-Care Organization,National NGO
Mubadiroon Organization for Prevention of Disaster and War Impacts,National NGO
Kabkabiya Women Charitable Society,Local NGO
Jabal Marra Charity Organization for Rural Development,National NGO
Relief and Mediation Corps,National NGO
"Emergency Relief, Rehabilitation and Development Agency",National NGO
Rufaida Health Foundation,National NGO
Saeker Charitable Society,National NGO
National Humanitarian Aid Organization,Undefined NGO
National Initiative for Development Organization,National NGO
Trust Rehabilitation and Development Organization,National NGO
SOS Sahel Sudan,Internationally affiliated NGO
Caritas Austria | CARITAS,International NGO
Almasheesh Organization for Development and Creative Art,National NGO
Health Work Committees,National NGO
Psycho Social Counselling Center for Women,National NGO
Save Youth Future Society,National NGO
Treatment and Rehabilitation Center for Victims of Torture,National NGO
Arab Agronomist Association,National NGO
Union of Agricultural Work Committees,National NGO
RedR UK,International NGO
Syaj Charity Organization,Local/National NGO
Sidra Organization for Development and Reconstruction,Undefined NGO
Caritas Spain,International NGO
Padem,International NGO
SolidaritÈs International (SI),International NGO
Center of Excellence for Rural Development,National NGO
Action Health Incorporated,National NGO
Estonian Refugee Council,International NGO
NGO Ukrainian Cultural Center,Undefined NGO
CBM International (formerly Christian Blind Mission),International NGO
OXFAM | OXFAM GB,International NGO
Peace Boat Disaster Relief Volunteer Center,International NGO
Polish Humanitarian Team,International NGO
Society for Human Rights and Prisoner's Aid,National NGO
BRAC,Southern International NGO
Humanitarian Relief Foundation,Southern International NGO
NGOs,Undefined NGO
ComitÈ díAppui Ì† líAuto Promotion,Local NGO
Action Contre la Faim | ACF - France,International NGO
Arakan Rohingya Union,Southern International NGO
ARCS ARCI Cultura e Sviluppo,International NGO
Instituto per la Cooperazione Universitaria Onlus,International NGO
Upper Nile Youth Mobilization for Peace and Development Agency,National NGO
Light for the World,International NGO
Al-Baida Coalition for Relief and Humanitarian Actions,Undefined NGO
Sadad Humanitarian Organization,Southern International NGO
Plan Niger | Plan Ireland,International NGO
Network Partnership for Development and Justice E. V,International NGO
Salute e Sviluppo ONG,International NGO
World Vision UK,International NGO
CARE-UK,International NGO
Aktion Afrika Hilfe,International NGO
RefuSHE (Former Heshima Kenya),National NGO
World Vision Ireland | World Vision International,International NGO
Building foundation for Development,Southern International NGO
Al-Ameen for Humanitarian Support,Southern International NGO
"Hand in Hand Appeal, Syria",International NGO
Wajir South Development Association,Southern International NGO
Rural Agency for Community Development and Assistance,Southern International NGO
CHS Alliance,International NGO
Solidaridad Internacional,International NGO
World Vision Central African Republic,Internationally affiliated NGO
Management Sciences for Health,International NGO
Mobile Theatre Team,National NGO
Grassroots Relief and Development Agency,National NGO
Verein Hilfe fur Bangladesch,International NGO
Healthlink South Sudan,National NGO
Plan International | Plan Sweden,International NGO
Rural Organization for Advocacy and Development International,Southern International NGO
AFAK Future for Capacity Building,Southern International NGO
JORDAN RIVER FOUNDATION,National NGO
Jordan Women Union-Un Ponte Per,National NGO
Union of Relief and Development Association,National NGO
Welfare Association,International NGO
ASSOCIATION DES JEUNES ISLAMIQUES,National NGO
Association Nabad for Development,National NGO
Agence Humanitaire Africaine,Southern International NGO
Community Humanitarian Emergency Board,Southern International NGO
Action for Population and Sustainable Development,National NGO
Caritas Bangladesh,National NGO
Enfants sans FrontiËres,National NGO
MÈdecins d'Afrique,Southern International NGO
Community Action Organization,National NGO
LiveWell South Sudan,National NGO
Community Health and Development Organization,National NGO
National Relief and Development Corps,National NGO
Community Initiative for Development Organization,National NGO
Real Medicine Foundation,International NGO
Humanitarian Aid for Change and Transformation,National NGO
The Rescue Initiative South Sudan,National NGO
Bent Al-Rafedain Organization,National NGO
Bothoor Alkhaer Human Organization,National NGO
Emergency Medical Care for Affected People,Southern International NGO
Canadian Aid Organization for International Society Rehab,International NGO
The Critical Needs Support Foundation,National NGO
Dary Human Organization for Relief and Medical Care,National NGO
Mine Clearance and Planning Agency,Southern International NGO
New Consultancy and Relief Organization,National NGO
World Concern,International NGO
Associate in Community Development,National NGO
Peace and Development Organization,National NGO
Society for Human and Environmental Development,Local NGO
Health & Social Care Organization in Iraq,National NGO
Human for Human Organization,Undefined NGO
Orchard Association for Children Protection and Education,Undefined NGO
Empowering Vulnerable Society Organization,Undefined NGO
Sahara Economic Development Organization,National NGO
Stichting Cordaid,International NGO
Sabe' Sanabal Organization for Relief and Development,Undefined NGO
General Service Agency,National NGO
Somali Community Concern,National NGO
Women Pioneers for Peace and Life,Undefined NGO
WRO,Southern International NGO
Terre des Hommes - Italy | World Vision International,International NGO
Taakulo Somaliland Community,National NGO
Heal Africa,National NGO
Health Education Agro-pastoral Liaison,Local NGO
Bena Charity For Human Development,National NGO
Al-Aman Organization for Blind Women Care,National NGO
Field Medical Foundation,National NGO
FundaciÛn AcciÛn Contra el Hambre,International NGO
Society for Humanitarian Solidarity,National NGO
Youth Leadership Development Foundation,National NGO
Rural Women's Development Society,National NGO
Responsiveness for Relief and Development,National NGO
Windle Trust International,International NGO
Soul for Development,National NGO
Tamdeen Youth Foundation,National NGO
Integrated Youth and Relief Development Association,National NGO
Active Youth Agency,National NGO
Pathfinder International,International NGO
"Candlelight for Health, Education and Environment",National NGO
Leb Relief,National NGO
Makassed Philanthropic Islamic Association of Beirut,National NGO
Livelihood Relief and Development Organization,Undefined NGO
Mothers and Children Multisectoral Development Organization (MCMDO),National NGO
The Disabled and their Friends Charity Association (DTF),Undefined NGO
Syria Trust for Development,National NGO
Instituto Dominicano de Desarrollo Integral,National NGO
Centre for Community Health and Development International,National NGO
Street Child Organization,International NGO
Kanem Borno Human Development Association,National NGO
Restoration of Hope Initiative,National NGO
Women in the New Nigeria and Youth Empowerment Initiative,Undefined NGO
AsociaciÛn de Trabajadores y TÈcnicos Sin Fronteras,International NGO
OXFAM GB | OXFAM,International NGO
Alianza por la Solidaridad,International NGO
ACT Alliance / Act for Peace,International NGO
Winrock International,International NGO
Associazione di Cooperazione allo Sviluppo,International NGO
Center for Civilians in Conflict,International NGO
Alliance For Action Aid,International NGO
Hope and Rural Aid Foundation,National NGO
Professionals in Humanitarian Assistance and Protection,International NGO
Ronahee Foundation,National NGO
The National Institution of Social Care and Vocational Training,National NGO
Shabelle Relief and Development Organization - SRDO,National NGO
World Vision Uganda,Internationally affiliated NGO
Miak Wadang,International NGO
Nurture Africa,International NGO
Fondazione ‚ÄúOpera San Francesco Saverio‚Äù CUAMM,International NGO
AYUUB Organization,National NGO
Somali Young Doctors Association,National NGO
Association Locale pour le DÈveloppement IntÈgral,Southern International NGO
Hope in Action,National NGO
National Prisoner Foundation,National NGO
For All Foundation,National NGO
Medical Mercy Foundation,National NGO
Association for Community Development,National NGO
CARITAS BUKAVU,National NGO
Caritas DÈveloppement DRC,National NGO
Lazarus-Hilfswerk e.V.,International NGO
Ayuda en AcciÛn,International NGO
Talawiet Organization for Development,National NGO
Touch Africa Development Organization,National NGO
Assistance Mission Africa,Southern International NGO
Himilo Organization for Development,National NGO
Stanis≈Çawa Bie≈Ñczak Child Support Foundation (Fundacja Pomocy Dzieciom im. Stanis≈Çawy Bie≈Ñczak),Local NGO
AlBasar Foundation,Southern International NGO
FrËre des Hommes,International NGO
Terre des Hommes International | Terre des Hommes - Italy,International NGO
Solid House Foundation,International NGO
Polish Medical Mission,International NGO
Messagers de la Paix en Afrique,Undefined NGO
Urgence SolidaritÈ Syrie,International NGO
SolidaritÈ Socialiste,International NGO
Medicair - South Sudan,National NGO
Association for Solidarity with Asylum Seekers and Migrants,National NGO
Coordination Of Rehabilitation Services For Afghanistan,National NGO
ACT Alliance / Diakonie,International NGO
Halte Aux Mines Antipersonnel,International NGO
Mercy Without Limits,International NGO
Nile Sustainable Development Organization,National NGO
Catholic Medical Missons Board,International NGO
Andre Foods South Sudan,Southern International NGO
Organization for Peoples' Empowerment and Needs,Undefined NGO
Community Organization for Emergency and Rehabilitation,Undefined NGO
Titi Foundation,Southern International NGO
Takaful Alsham Charity Organization,Undefined NGO
"Zaporizhzhia Region Charity Fund ""Child Smile""",National NGO
BINAA Organization for Development,Southern International NGO
Humanitarian and Development Consortium,National NGO
ROIA Information and Communication Technology,Southern International NGO
Johanniter International Assistance,International NGO
Caritas Congo,National NGO
Amis des Personnes en DÈtresse,Local NGO
Communicating with Disaster Affected Communities,International NGO
Entrepreneurs Organization for Relief and Development,National NGO
Custodian of Two Holy Mosques Relief Campaign,Southern International NGO
Janat Al-Frdaws Foundation for Relief and Development,National NGO
Humane Aid for Community Organization,National NGO
ONG Espoir,National NGO
Women of Africa,International NGO
Caritas Dev Kalemie,National NGO
CARITAS BUTEMBO,National NGO
CARITAS DEV GOMA,National NGO
Magna Deti v nudzi [Magna Children at Risk],International NGO
CARITAS UVIRA,National NGO
SantÈ Rurale,National NGO
Human Appeal UK,International NGO
Public Aid Organization,National NGO
Helen Keller International,International NGO
Sudanese Development Call Organization,National NGO
INSAN Iraqi Society for Relief and Development,National NGO
Pestalozzi Children's Foundation,International NGO
EPER - Swiss Church Aid,International NGO
Groupe de Recherche et de RÈalisations pour le DÈveloppement Rural,International NGO
Action Against Disasters Somalia,National NGO
New Ways Organization,National NGO
Uganda Women's Effort to Save Orphans,National NGO
ACT Alliance / Christian World Service,International NGO
Rural Education and Agriculture Development Organization,National NGO
Somali Humanitarian and Development Action,Local NGO
Inter Religious Council,National NGO
African Network for the Prevention and Protection Against Child Abuse and Neglect in Somalia,Southern International NGO
ACT Alliance / Dan Church Aid - Norwegian Church Aid Joint office in Palestine,International NGO
Palestinian Hydrology Group,National NGO
International Blue Crescent Relief and Development Foundation,Southern International NGO
CARE Netherlands,International NGO
CARE Ethiopia,Internationally affiliated NGO
Watan Khayr Charity Foundation,International NGO
Bonyan (Bina Insan),Southern International NGO
African Humanitarian Corps,Southern International NGO
Action ChrÈtienne Tous pour la SolidaritÈ,National NGO
Ata'a for Relief and Development,National NGO
Atfaluna Society for Deaf Children,National NGO
BBC Media Action,International NGO
Ghiras Alnahda Organization,Southern International NGO
Mobile Humanitarian Agency,National NGO
Maram Foundation for Relief and Development,International NGO
Syrian Expatriates Medical Association,Southern International NGO
Hydraulique Sans FrontiËres,International NGO
Agence de DÈveloppement Economique et Social,Southern International NGO
Action pour la Promotion du Bien Etre Social,National NGO
Sonbola Group for Education and Development,National NGO
Dhaka Ahsania Mission,National NGO
Ligue de la Zone Afrique pour la DÈfense des Droits des Enfants et ElËves,National NGO
Association Mamans Uzima Kalemie,National NGO
Centre d'Etudes et d'Actions Sociales,National NGO
CARE Yemen,International NGO
Enfants du Monde,International NGO
HEKS - Hilfswerk der Evangelischen Kirchen Schweiz,International NGO
Build Change,International NGO
Ocean Training and Promotion,International NGO
Nos Petits FrËres et S≈ìurs - Haiti,Internationally affiliated NGO
Tadamun Social Society,National NGO
Al Mithaq,Undefined NGO
Education Health Social Awareness and Rehabilitation,National NGO
Consortium of Dutch NGOs,International NGO
Shafak Organization,Southern International NGO
Bahar Organization,Southern International NGO
Muslim Hands International,International NGO
Ethiopian Evangelical Church Mekane Yesus Development and Social Services Commission,National NGO
Internews Europe,International NGO
Save Lives Initiative South Sudan,National NGO
Hope Restoration South Sudan,National NGO
Stop Poverty Communal Initiative,Undefined NGO
Kueng Community Development Agency,Undefined NGO
Aid Support Community Organization,Local NGO
Christian Recovery and Development Agency,Southern international NGO
"Yem. Gen. Union of Sociologists, S. Workers and Psychologists",National NGO
VENRO,International NGO
Youth Organization for Social Action,Undefined NGO
Mayar Foundation for Development,National NGO
Community Partners International,International NGO
World Vision Somalia,Internationally affiliated NGO
Christian Agenda for Development,National NGO
Change Agent Organization,National NGO
"Organization for Peace, Relief and Development",National NGO
Human Call Association,Local NGO
Transcultural Psychosocial Organization,International NGO
Generations without Qat,National NGO
Medicos do Mundo,International NGO
Africare/Catholic Relief Services,International NGO
Millenium Development Foundation,National NGO
Vision to Change the World,Southern International NGO
Civic Democratic Initiatives Support Foundation,National NGO
Al-Atta for Relief and Development,National NGO
Comprehensive Community Based Rehabilitation in Somaliland,National NGO
Humanitarian Integrity for Women Action on Advocacy for Peace and Human Right,National NGO
Himilo Relief and Development Association,International NGO
Socio-Economic Development and Human Rights Organization,Local NGO
Palestinian Center for Democracy and Conflict Resolution,National NGO
ONG Tabitha,Internationally affiliated NGO
REST - Relief Society of Tigray,Local NGO
National Center for Community Rehabilitation,National NGO
World Vision Jerusalem West Bank Gaza,Internationally affiliated NGO
Central Blood Bank Society,National NGO
Yanabia Al-khir Foundation,National NGO
Al-Twasul For Human Development,National NGO
Estijabah Network for Humanitarian Aid and Relief,National NGO
Al-Hikma Al-Yamania Association for Charity,National NGO
Rebuild Syria Reconstruction Program,International NGO
Jordanian Hashemite Fund for Human Development,National NGO
International Patients' Helping Society,Undefined NGO
Jordan Hashemite Charity Organization,Southern International NGO
Civil Society Human Rights Organization South Sudan,Undefined NGO
Grassroot Empowerment and Development Organization,National NGO
Centre for Affordable Water and Sanitation Technology,International NGO
Jireh Doo Foundation,National NGO
IMPACT Initiatives,International NGO
Ninurta,Local NGO
Farmer's Life Development Agency,National NGO
International Medical Volunteers Japan Heart,International NGO
"Human Relief Foundation, UK",International NGO
Foundation for Refugee Economic Empowerment,International NGO
Taybah Foundation Development,National NGO
Legal Action Worldwide,International NGO
International Association for Maternal and Neonatal Health,International NGO
Silk Road Organization,Southern International NGO
Tamkeen for Community Development,Undefined NGO
Evangelisches Missionswerk in Deutschland,International NGO
Electriciens sans frontiËres,International NGO
Green Concern for Development,National NGO
Islamic Help,International NGO
Solidarity for Afghan Families,National NGO
Blumont International,International NGO
Mayday Rescue Foundation,International NGO
Matres Mundi,International NGO
Asociacion de Trabajadores y Tecnicos Sin Fronteras,International NGO
Civil Society in Development,International NGO
Population Services International,International NGO
MÈdecins du Monde Suisse,International NGO
Vivamos Mejor,International NGO
ServiÁo Pastoral dos Migrantes,National NGO
FundaciÛn Ayuda en AcciÛn Colombia,Internationally affiliated NGO
"Educo - FundaciÛn EducaciÛn y CooperaciÛn, ChildFund Alliance member",International NGO
Beyaz Eller Association (White Hands Association),Southern International NGO
Takaful for Child Welfare,Southern International NGO
Gazze Destek Derneƒüi (Gaza Support Association),Local NGO
Ghirass For Society Development,National NGO
Al-Nahrain Foundation for Relief and Development,National NGO
Stichting War Child,International NGO
Islamic Social Welfare Organization,National NGO
Al Hadatha Association,National NGO
Somali Relief and Development Action,National NGO
Al-basar International Foundation,Southern International NGO
World Vision Mozambique,Internationally affiliated NGO
Women Rehabilitation Organization,National NGO
Caritas Brazil,National NGO
Islamic Relief Jordan,Internationally affiliated NGO
Family Health International - FHI 360,International NGO
KAALO Aid and Development,Local/National NGO
Al Mezan Center for Human Rights,National NGO
WeWorld Onlus,International NGO
Physicians for Human Rights Israel,National NGO
Gorongosa Project,International NGO
Aertze der Welt e.V.,International NGO
Northern Frontier Youth League,Southern International NGO
Relief and Development Peer Foundation,National NGO
Plan Mali,Internationally affiliated NGO
Fida International | ZOA,International NGO
Swedish Mission Council | PMU-Interlife,International NGO
OIKOS - IntercooperaÁ„o e Desenvolvimento,International NGO
Actions MÈdicales Internationale,International NGO
"Water, Environment & Sanitation Society",Local NGO
Charity Mission Corps,National NGO
Coalition for Humanity South Sudan,National NGO
American Refugee Committee (Alight),International NGO
"Association for Water, Applied Education and Renewable Energy",Local NGO
Global Youth Organization,National NGO
Health Action Aid,National NGO
Healthcare Foundation Organization,National NGO
Humanity Empowerment and Leadership Promotion Organization,National NGO
Support the Empowerment of Women and their Rights for Development,Local NGO
The Rescue Mission,National NGO
United Networks for Health,National NGO
Women Aid Vision,National NGO
JUPEDEC (United Youth for the Protection of the Environment and Community Development),Local NGO
Centre de Support en SantÈ Internationale,Southern International NGO
Genre Paix et Developement,National NGO
Centre for Integrated Development and Research,National NGO
Agricultural Development Association,National NGO
Balochistan Rural Development Society,National NGO
Medicos sin Fronteras,International NGO
CoopÈrative de Production Agricole et Artisanale pour le DÈveloppement du Monde Rural,International NGO
Maison Prisca,National NGO
Women Act for Living Together,National NGO
African Relief Service (Central African Republic),National NGO
All for Peace And Dignity,International NGO
Association pour la Promotion de la Culture,National NGO
Subul Al Salam Social Association,Local NGO
Dummar Youth Charity,National NGO
Children of One World (Bir D¸nya Ìáocuk),Southern International NGO
Action pour un Monde Uni,International NGO
Donbas SOS,National NGO
World Vision Germany,International NGO
Danish Refugee Council | Danish De-mining Group,International NGO
Bremen Overseas Research and Development Association,International NGO
SOS Kinderdorpen,International NGO
INGO Forum Myanmar,National NGO
Katchin Women's Association Thailand,Local NGO
Wan Lark  Foundation,National NGO
Wunpawng Ninghtoi,Local NGO
Women for the World,International NGO
MA-UK Myanmar Serving Humanity,International NGO
Thazin Community Development Initiative,Local NGO
Pan Ka Lay,National NGO
People for People,Local NGO
SwissLimbs,International NGO
Spectrum - Sustainable Development Knowledge Network,National NGO
Community Care for Emergency Response and Rehabilitation,National NGO
Center for Social Integrity,Southern International NGO
World Vision Bangladesh,Internationally affiliated NGO
Humanitarian Advisory Group,International NGO
Caritas ComitÈ DiocÈsain de DÈveloppement Maroua-Mokolo,National NGO
Di·logo Diverso,National NGO
Developmental Action Without Border (Nabaa),National NGO
Aktion Deutschland Hilft,International NGO
Syria Al Yamama Charity Association (SYCA),National NGO
Al Wasel Association,National NGO
Al Hussein Society Jordan Center for Training and Inclusion (AHS),National NGO
The Ghassan Kanfani Cultural Foundation,National NGO
Caritas Venezuela,National NGO
FundaciÛn Entreculturas - Fe y AlegrÌ≠a,International NGO
Children in Crisis,International NGO
"Education, Health, Social Awareness and Rehabilitation Foundation",National NGO
Hand in Hand For Aid and Development,International NGO
Nour Foundation for Relief and Development,National NGO
International Organization for Community Development and Humanitarian Support,International NGO
Afkar Foundation,Southern International NGO
Marsa Sexual Health Center,National NGO
Sustainable International Medical Relief Organization,Southern International NGO
Asian Harm Reduction Network,Southern International NGO
Rahma International Society,International NGO
Caritas Czech Republic,International NGO
Pompiers de l'urgence Internationale,International NGO
Pro Familia Switzerland,International NGO
Invisible Children,International NGO
Asamblea De Cooperacion Por La Paz,International NGO
World Vision Afghanistan,Internationally affiliated NGO
Afghan Women's Educational Center,National NGO
Welfare Association for the Development of Afghanistan,National NGO
ActionAid International Zimbabwe,Internationally affiliated NGO
Muhammadiyah Disaster Management Center,National NGO
Central Board of Nahdlatul Ulama,National NGO
Age International,International NGO
Saferworld,International NGO
Nonviolence International,International NGO
A Call to Serve International,National NGO
Health Equity Initiatives Sdn Bhd,National NGO
Alshrooq Organisation for Social and Cultural Development,National NGO
ACT Alliance / Kerk in Actie - Netherlands,International NGO
Help a Child International (Red een Kind),International NGO
Mukti Cox's Bazar,National NGO
Waqf Alrahma Alkhairi,Local NGO
COPE - The Cooperative Orthotic and Prosthetic Enterprise,National NGO
Society for Social & Technological Support,Southern International NGO
Nepal Development Society (NEDS),National NGO
Horan Islamic Society,Local NGO
Al-Khair Foundation (AKF),International NGO
Islamic Relief Worldwide | Almassar Charity organization for Nomadís Development and Environmental Conservation,Undefined NGO
White Hand Organization for Development,Undefined NGO
Ujamaa na Watoto Wenye Haki Initiative,Southern International NGO
Commission Nationale des Droits de líHomme de Mauritanie,National NGO
Big Heart Foundation,Southern International NGO
COAST Trust,National NGO
WATAN Foundation,International NGO
Mine Clearance and Planning Agency | HALO Trust,International NGO
HALO Trust | Organisation for Mine Awareness and Reconstruction,International NGO
Caritas Centrafricaine - Bouar,National NGO
UK-Med,International NGO
Femmes Unies contre la Malnutrition - Kundji Fondo,Local NGO
Association of Christian Resource Organizations Serving Sudan,Southern International NGO
Learning Through Skills Acquisition Initiative,Local NGO
Food Agriculture and Disaster Management,Local NGO
Caritas Australia,International NGO
Humanitarian Aid for Development,Local NGO
Zireenza Support Foundation,National NGO
Syrian Association for Relief and Development,National NGO
South Sudan Grassroot Initiative for Development,National NGO
Sudan Evangelical Mission,National NGO
Netherlands Development Organisation,International NGO
Children Cancer Centre of Lebanon,Internationally affiliated NGO
Africa Development Initiative,National NGO
Afrique Secours Assistance,National NGO
EspÈrance,National NGO
Agir en Centrafrique,International NGO
Kode ti kwa,National NGO
Seeds of Hope (Bozzor Alamal),Southern International NGO
World Vision Zambia,Internationally affiliated NGO
Zakat Fund,International NGO
GOALPrime Organization Nigeria,National NGO
Great Commission Operation Mercy,Local/National NGO
King Hussein Cancer Foundation,National NGO
Charitable Heart Foundation,National NGO
AlSham Assocation,National NGO
Lebanese Association for Rehabilitation and Development,National NGO
Arab Organization for Human Rights,International NGO
SPARK,International NGO
International Academy for Leadership and Development (IALD),National NGO
Benadir Charity Council,National NGO
"Yemen General Union of Sociologists, Social Workers and Psychologists",National NGO
Yemen Alkhair For Relief and Development Foundation,National NGO
Health and Education Association for Development,National NGO
Fathurahman Charitable Association,Local NGO
Al Diaa Humanitarian Association,Local NGO
Care and Social Development Organization,Southern International NGO
Faisal Educational Society,Local NGO
Guidance Educational And Welfare Society,Local NGO
Jamia Islamia Ishaatul Uloom,Local NGO
Khanpur Azad Gram Unnayan Samity,Local NGO
Madeenathul-uloom Educational And Charitable Trust,Local NGO
Markazu Ihyail Fikril Islami Institute,Local NGO
Moulana Ali Miyan Nadwi Educational and Charitable Trust,Local NGO
The Foundation for Advancing Development Integration,National NGO
AS-SALAM EDUCATIONAL CENTRE,Local NGO
Assanabil Foundation,National NGO
Kandil Development and Aid Association (Kandil Kalkƒ±nma ve Yardƒ±mla≈üma Derneƒüi),Southern International NGO
Mindanao Modern Education and Development Foundation,National NGO
ONG Arpieca,National NGO
Association Marhama,National NGO
International Health Partners,International NGO
Self Help Africa,International NGO
Durrell Wildlife Conservation Trust,International NGO
Hand by Hand Foundation,National NGO
Action des Volontaires Unis pour le DÈveloppement et la SantÈ,National NGO
Action pour la Promotion de líEnvironnement Social,Local NGO
Actions pour le DÈveloppement IntÈgral par la Conservation Communautaire,National NGO
Association des Jeunes Islamiques pour le DÈveloppement,National NGO
CARITAS BUNIA,National NGO
Synergie pour la lutte antimines,Local NGO
SolidaritÈ FÈminine pour la Paix et le DÈveloppement IntÈgral,National NGO
CARITAS DEVELOPPEMENT MAHAGI-NIOKA,National NGO
Caritas Kananga,National NGO
Caritas Kasongo,National NGO
