destinationcountrytype,incomegroups
AF 1999,L
AL 1999,LM
DZ 1999,LM
AS 1999,UM
AD 1999,H
AO 1999,L
AG 1999,UM
AR 1999,UM
AM 1999,L
AW 1999,H
AU 1999,H
AT 1999,H
AZ 1999,L
BS 1999,H
BH 1999,UM
BD 1999,L
BB 1999,UM
BY 1999,LM
BE 1999,H
BZ 1999,LM
BJ 1999,L
BM 1999,H
BT 1999,L
BO 1999,LM
BA 1999,LM
BW 1999,UM
BR 1999,UM
VG 1999,
BN 1999,H
BG 1999,LM
BF 1999,L
BI 1999,L
CV 1999,LM
KH 1999,L
CM 1999,L
CA 1999,H
KY 1999,H
CF 1999,L
TD 1999,L
CL 1999,UM
CN 1999,LM
CO 1999,LM
KM 1999,L
CD 1999,L
CG 1999,L
CR 1999,LM
CI 1999,L
HR 1999,UM
CU 1999,LM
CW 1999,
CY 1999,H
CZ 1999,UM
DK 1999,H
DJ 1999,LM
DM 1999,UM
DO 1999,LM
EC 1999,LM
EG 1999,LM
SV 1999,LM
GQ 1999,LM
ER 1999,L
EE 1999,UM
SZ 1999,LM
ET 1999,L
FO 1999,H
FJ 1999,LM
FI 1999,H
FR 1999,H
PF 1999,H
GA 1999,UM
GM 1999,L
GE 1999,L
DE 1999,H
GH 1999,L
GI 1999,
GR 1999,H
GL 1999,H
GD 1999,UM
GU 1999,H
GT 1999,LM
GN 1999,L
GW 1999,L
GY 1999,LM
HT 1999,L
HN 1999,LM
HK 1999,H
HU 1999,UM
IS 1999,H
IN 1999,L
ID 1999,L
IR 1999,LM
IQ 1999,LM
IE 1999,H
IM 1999,UM
IL 1999,H
IT 1999,H
JM 1999,LM
JP 1999,H
JO 1999,LM
KZ 1999,LM
KE 1999,L
KI 1999,LM
KP 1999,L
KR 1999,UM
XK 1999,
KW 1999,H
KG 1999,L
LA 1999,L
LV 1999,LM
LB 1999,UM
LS 1999,L
LR 1999,L
LY 1999,UM
LI 1999,H
LT 1999,LM
LU 1999,H
MO 1999,H
MG 1999,L
MW 1999,L
MY 1999,UM
MV 1999,LM
ML 1999,L
MT 1999,UM
MH 1999,LM
MR 1999,L
MU 1999,UM
MX 1999,UM
FM 1999,LM
MD 1999,L
MC 1999,H
MN 1999,L
ME 1999,
MA 1999,LM
MZ 1999,L
MM 1999,L
NA 1999,LM
NR 1999,
NP 1999,L
NL 1999,H
NC 1999,H
NZ 1999,H
NI 1999,L
NE 1999,L
NG 1999,L
MK 1999,LM
MP 1999,H
NO 1999,H
OM 1999,UM
PK 1999,L
PW 1999,UM
PA 1999,UM
PG 1999,LM
PY 1999,LM
PE 1999,LM
PH 1999,LM
PL 1999,UM
PT 1999,H
PR 1999,UM
QA 1999,H
RO 1999,LM
RU 1999,LM
RW 1999,L
WS 1999,LM
SM 1999,
ST 1999,L
SA 1999,UM
SN 1999,L
RS 1999,
SC 1999,UM
SL 1999,L
SG 1999,H
SX 1999,
SK 1999,UM
SI 1999,H
SB 1999,L
SO 1999,L
ZA 1999,UM
SS 1999,
ES 1999,H
LK 1999,LM
KN 1999,UM
LC 1999,UM
MF 1999,
VC 1999,LM
SD 1999,L
SR 1999,LM
SE 1999,H
CH 1999,H
SY 1999,LM
TW 1999,H
TJ 1999,L
TZ 1999,L
TH 1999,LM
TL 1999,
TG 1999,L
TO 1999,LM
TT 1999,UM
TN 1999,LM
TR 1999,LM
TM 1999,L
TC 1999,
TV 1999,
UG 1999,L
UA 1999,L
AE 1999,H
GB 1999,H
US 1999,H
UY 1999,UM
UZ 1999,L
VU 1999,LM
VE 1999,UM
VN 1999,L
VI 1999,H
PS 1999,LM
YE 1999,L
ZM 1999,L
ZW 1999,L
AF 2000,L
AL 2000,LM
DZ 2000,LM
AS 2000,UM
AD 2000,H
AO 2000,L
AG 2000,UM
AR 2000,UM
AM 2000,L
AW 2000,H
AU 2000,H
AT 2000,H
AZ 2000,L
BS 2000,H
BH 2000,UM
BD 2000,L
BB 2000,H
BY 2000,LM
BE 2000,H
BZ 2000,LM
BJ 2000,L
BM 2000,H
BT 2000,L
BO 2000,LM
BA 2000,LM
BW 2000,UM
BR 2000,UM
VG 2000,
BN 2000,H
BG 2000,LM
BF 2000,L
BI 2000,L
CV 2000,LM
KH 2000,L
CM 2000,L
CA 2000,H
KY 2000,H
CF 2000,L
TD 2000,L
CL 2000,UM
CN 2000,LM
CO 2000,LM
KM 2000,L
CD 2000,L
CG 2000,L
CR 2000,UM
CI 2000,L
HR 2000,UM
CU 2000,LM
CW 2000,
CY 2000,H
CZ 2000,UM
DK 2000,H
DJ 2000,LM
DM 2000,UM
DO 2000,LM
EC 2000,LM
EG 2000,LM
SV 2000,LM
GQ 2000,LM
ER 2000,L
EE 2000,UM
SZ 2000,LM
ET 2000,L
FO 2000,H
FJ 2000,LM
FI 2000,H
FR 2000,H
PF 2000,H
GA 2000,UM
GM 2000,L
GE 2000,L
DE 2000,H
GH 2000,L
GI 2000,
GR 2000,H
GL 2000,H
GD 2000,UM
GU 2000,H
GT 2000,LM
GN 2000,L
GW 2000,L
GY 2000,LM
HT 2000,L
HN 2000,LM
HK 2000,H
HU 2000,UM
IS 2000,H
IN 2000,L
ID 2000,L
IR 2000,LM
IQ 2000,LM
IE 2000,H
IM 2000,UM
IL 2000,H
IT 2000,H
JM 2000,LM
JP 2000,H
JO 2000,LM
KZ 2000,LM
KE 2000,L
KI 2000,LM
KP 2000,L
KR 2000,UM
XK 2000,
KW 2000,H
KG 2000,L
LA 2000,L
LV 2000,LM
LB 2000,UM
LS 2000,L
LR 2000,L
LY 2000,UM
LI 2000,H
LT 2000,LM
LU 2000,H
MO 2000,H
MG 2000,L
MW 2000,L
MY 2000,UM
MV 2000,LM
ML 2000,L
MT 2000,H
MH 2000,LM
MR 2000,L
MU 2000,UM
MX 2000,UM
FM 2000,LM
MD 2000,L
MC 2000,H
MN 2000,L
ME 2000,
MA 2000,LM
MZ 2000,L
MM 2000,L
NA 2000,LM
NR 2000,
NP 2000,L
NL 2000,H
NC 2000,H
NZ 2000,H
NI 2000,L
NE 2000,L
NG 2000,L
MK 2000,LM
MP 2000,H
NO 2000,H
OM 2000,UM
PK 2000,L
PW 2000,UM
PA 2000,UM
PG 2000,LM
PY 2000,LM
PE 2000,LM
PH 2000,LM
PL 2000,UM
PT 2000,H
PR 2000,UM
QA 2000,H
RO 2000,LM
RU 2000,LM
RW 2000,L
WS 2000,LM
SM 2000,H
ST 2000,L
SA 2000,UM
SN 2000,L
RS 2000,
SC 2000,UM
SL 2000,L
SG 2000,H
SX 2000,
SK 2000,UM
SI 2000,H
SB 2000,L
SO 2000,L
ZA 2000,UM
SS 2000,
ES 2000,H
LK 2000,LM
KN 2000,UM
LC 2000,UM
MF 2000,
VC 2000,LM
SD 2000,L
SR 2000,LM
SE 2000,H
CH 2000,H
SY 2000,LM
TW 2000,H
TJ 2000,L
TZ 2000,L
TH 2000,LM
TL 2000,
TG 2000,L
TO 2000,LM
TT 2000,UM
TN 2000,LM
TR 2000,UM
TM 2000,LM
TC 2000,
TV 2000,
UG 2000,L
UA 2000,L
AE 2000,H
GB 2000,H
US 2000,H
UY 2000,UM
UZ 2000,L
VU 2000,LM
VE 2000,UM
VN 2000,L
VI 2000,H
PS 2000,LM
YE 2000,L
ZM 2000,L
ZW 2000,L
AF 2001,L
AL 2001,LM
DZ 2001,LM
AS 2001,UM
AD 2001,H
AO 2001,L
AG 2001,UM
AR 2001,UM
AM 2001,L
AW 2001,H
AU 2001,H
AT 2001,H
AZ 2001,L
BS 2001,H
BH 2001,H
BD 2001,L
BB 2001,UM
BY 2001,LM
BE 2001,H
BZ 2001,LM
BJ 2001,L
BM 2001,H
BT 2001,L
BO 2001,LM
BA 2001,LM
BW 2001,UM
BR 2001,UM
VG 2001,
BN 2001,H
BG 2001,LM
BF 2001,L
BI 2001,L
CV 2001,LM
KH 2001,L
CM 2001,L
CA 2001,H
KY 2001,H
CF 2001,L
TD 2001,L
CL 2001,UM
CN 2001,LM
CO 2001,LM
KM 2001,L
CD 2001,L
CG 2001,L
CR 2001,UM
CI 2001,L
HR 2001,UM
CU 2001,LM
CW 2001,
CY 2001,H
CZ 2001,UM
DK 2001,H
DJ 2001,LM
DM 2001,UM
DO 2001,LM
EC 2001,LM
EG 2001,LM
SV 2001,LM
GQ 2001,L
ER 2001,L
EE 2001,UM
SZ 2001,LM
ET 2001,L
FO 2001,H
FJ 2001,LM
FI 2001,H
FR 2001,H
PF 2001,H
GA 2001,UM
GM 2001,L
GE 2001,L
DE 2001,H
GH 2001,L
GI 2001,
GR 2001,H
GL 2001,H
GD 2001,UM
GU 2001,H
GT 2001,LM
GN 2001,L
GW 2001,L
GY 2001,LM
HT 2001,L
HN 2001,LM
HK 2001,H
HU 2001,UM
IS 2001,H
IN 2001,L
ID 2001,L
IR 2001,LM
IQ 2001,LM
IE 2001,H
IM 2001,UM
IL 2001,H
IT 2001,H
JM 2001,LM
JP 2001,H
JO 2001,LM
KZ 2001,LM
KE 2001,L
KI 2001,LM
KP 2001,L
KR 2001,H
XK 2001,
KW 2001,H
KG 2001,L
LA 2001,L
LV 2001,UM
LB 2001,UM
LS 2001,L
LR 2001,L
LY 2001,UM
LI 2001,H
LT 2001,UM
LU 2001,H
MO 2001,H
MG 2001,L
MW 2001,L
MY 2001,UM
MV 2001,LM
ML 2001,L
MT 2001,UM
MH 2001,LM
MR 2001,L
MU 2001,UM
MX 2001,UM
FM 2001,LM
MD 2001,L
MC 2001,H
MN 2001,L
ME 2001,
MA 2001,LM
MZ 2001,L
MM 2001,L
NA 2001,LM
NR 2001,
NP 2001,L
NL 2001,H
NC 2001,H
NZ 2001,H
NI 2001,L
NE 2001,L
NG 2001,L
MK 2001,LM
MP 2001,H
NO 2001,H
OM 2001,UM
PK 2001,L
PW 2001,UM
PA 2001,UM
PG 2001,L
PY 2001,LM
PE 2001,LM
PH 2001,LM
PL 2001,UM
PT 2001,H
PR 2001,UM
QA 2001,H
RO 2001,LM
RU 2001,LM
RW 2001,L
WS 2001,LM
SM 2001,H
ST 2001,L
SA 2001,UM
SN 2001,L
RS 2001,
SC 2001,UM
SL 2001,L
SG 2001,H
SX 2001,
SK 2001,UM
SI 2001,H
SB 2001,L
SO 2001,L
ZA 2001,LM
SS 2001,
ES 2001,H
LK 2001,LM
KN 2001,UM
LC 2001,UM
MF 2001,
VC 2001,LM
SD 2001,L
SR 2001,LM
SE 2001,H
CH 2001,H
SY 2001,LM
TW 2001,H
TJ 2001,L
TZ 2001,L
TH 2001,LM
TL 2001,L
TG 2001,L
TO 2001,LM
TT 2001,UM
TN 2001,LM
TR 2001,LM
TM 2001,LM
TC 2001,
TV 2001,
UG 2001,L
UA 2001,L
AE 2001,H
GB 2001,H
US 2001,H
UY 2001,UM
UZ 2001,L
VU 2001,LM
VE 2001,UM
VN 2001,L
VI 2001,H
PS 2001,LM
YE 2001,L
ZM 2001,L
ZW 2001,L
AF 2002,L
AL 2002,LM
DZ 2002,LM
AS 2002,UM
AD 2002,H
AO 2002,L
AG 2002,H
AR 2002,UM
AM 2002,LM
AW 2002,H
AU 2002,H
AT 2002,H
AZ 2002,L
BS 2002,H
BH 2002,H
BD 2002,L
BB 2002,H
BY 2002,LM
BE 2002,H
BZ 2002,UM
BJ 2002,L
BM 2002,H
BT 2002,L
BO 2002,LM
BA 2002,LM
BW 2002,UM
BR 2002,LM
VG 2002,
BN 2002,H
BG 2002,LM
BF 2002,L
BI 2002,L
CV 2002,LM
KH 2002,L
CM 2002,L
CA 2002,H
KY 2002,H
CF 2002,L
TD 2002,L
CL 2002,UM
CN 2002,LM
CO 2002,LM
KM 2002,L
CD 2002,L
CG 2002,L
CR 2002,UM
CI 2002,L
HR 2002,UM
CU 2002,LM
CW 2002,
CY 2002,H
CZ 2002,UM
DK 2002,H
DJ 2002,LM
DM 2002,UM
DO 2002,LM
EC 2002,LM
EG 2002,LM
SV 2002,LM
GQ 2002,L
ER 2002,L
EE 2002,UM
SZ 2002,LM
ET 2002,L
FO 2002,H
FJ 2002,LM
FI 2002,H
FR 2002,H
PF 2002,H
GA 2002,UM
GM 2002,L
GE 2002,L
DE 2002,H
GH 2002,L
GI 2002,
GR 2002,H
GL 2002,H
GD 2002,UM
GU 2002,H
GT 2002,LM
GN 2002,L
GW 2002,L
GY 2002,LM
HT 2002,L
HN 2002,LM
HK 2002,H
HU 2002,UM
IS 2002,H
IN 2002,L
ID 2002,L
IR 2002,LM
IQ 2002,LM
IE 2002,H
IM 2002,H
IL 2002,H
IT 2002,H
JM 2002,LM
JP 2002,H
JO 2002,LM
KZ 2002,LM
KE 2002,L
KI 2002,LM
KP 2002,L
KR 2002,H
XK 2002,
KW 2002,H
KG 2002,L
LA 2002,L
LV 2002,UM
LB 2002,UM
LS 2002,L
LR 2002,L
LY 2002,UM
LI 2002,H
LT 2002,UM
LU 2002,H
MO 2002,H
MG 2002,L
MW 2002,L
MY 2002,UM
MV 2002,LM
ML 2002,L
MT 2002,H
MH 2002,LM
MR 2002,L
MU 2002,UM
MX 2002,UM
FM 2002,LM
MD 2002,L
MC 2002,H
MN 2002,L
ME 2002,
MA 2002,LM
MZ 2002,L
MM 2002,L
NA 2002,LM
NR 2002,
NP 2002,L
NL 2002,H
NC 2002,H
NZ 2002,H
NI 2002,L
NE 2002,L
NG 2002,L
MK 2002,LM
MP 2002,UM
NO 2002,H
OM 2002,UM
PK 2002,L
PW 2002,UM
PA 2002,UM
PG 2002,L
PY 2002,LM
PE 2002,LM
PH 2002,LM
PL 2002,UM
PT 2002,H
PR 2002,H
QA 2002,H
RO 2002,LM
RU 2002,LM
RW 2002,L
WS 2002,LM
SM 2002,H
ST 2002,L
SA 2002,UM
SN 2002,L
RS 2002,
SC 2002,UM
SL 2002,L
SG 2002,H
SX 2002,
SK 2002,UM
SI 2002,H
SB 2002,L
SO 2002,L
ZA 2002,LM
SS 2002,
ES 2002,H
LK 2002,LM
KN 2002,UM
LC 2002,UM
MF 2002,
VC 2002,LM
SD 2002,L
SR 2002,LM
SE 2002,H
CH 2002,H
SY 2002,LM
TW 2002,H
TJ 2002,L
TZ 2002,L
TH 2002,LM
TL 2002,L
TG 2002,L
TO 2002,LM
TT 2002,UM
TN 2002,LM
TR 2002,LM
TM 2002,LM
TC 2002,
TV 2002,
UG 2002,L
UA 2002,LM
AE 2002,H
GB 2002,H
US 2002,H
UY 2002,UM
UZ 2002,L
VU 2002,LM
VE 2002,UM
VN 2002,L
VI 2002,H
PS 2002,LM
YE 2002,L
ZM 2002,L
ZW 2002,L
AF 2003,L
AL 2003,LM
DZ 2003,LM
AS 2003,UM
AD 2003,H
AO 2003,L
AG 2003,UM
AR 2003,UM
AM 2003,LM
AW 2003,H
AU 2003,H
AT 2003,H
AZ 2003,LM
BS 2003,H
BH 2003,H
BD 2003,L
BB 2003,UM
BY 2003,LM
BE 2003,H
BZ 2003,UM
BJ 2003,L
BM 2003,H
BT 2003,L
BO 2003,LM
BA 2003,LM
BW 2003,UM
BR 2003,LM
VG 2003,
BN 2003,H
BG 2003,LM
BF 2003,L
BI 2003,L
CV 2003,LM
KH 2003,L
CM 2003,L
CA 2003,H
KY 2003,H
CF 2003,L
TD 2003,L
CL 2003,UM
CN 2003,LM
CO 2003,LM
KM 2003,L
CD 2003,L
CG 2003,L
CR 2003,UM
CI 2003,L
HR 2003,UM
CU 2003,LM
CW 2003,
CY 2003,H
CZ 2003,UM
DK 2003,H
DJ 2003,LM
DM 2003,UM
DO 2003,LM
EC 2003,LM
EG 2003,LM
SV 2003,LM
GQ 2003,L
ER 2003,L
EE 2003,UM
SZ 2003,LM
ET 2003,L
FO 2003,H
FJ 2003,LM
FI 2003,H
FR 2003,H
PF 2003,H
GA 2003,UM
GM 2003,L
GE 2003,LM
DE 2003,H
GH 2003,L
GI 2003,
GR 2003,H
GL 2003,H
GD 2003,UM
GU 2003,H
GT 2003,LM
GN 2003,L
GW 2003,L
GY 2003,LM
HT 2003,L
HN 2003,LM
HK 2003,H
HU 2003,UM
IS 2003,H
IN 2003,L
ID 2003,LM
IR 2003,LM
IQ 2003,LM
IE 2003,H
IM 2003,H
IL 2003,H
IT 2003,H
JM 2003,LM
JP 2003,H
JO 2003,LM
KZ 2003,LM
KE 2003,L
KI 2003,LM
KP 2003,L
KR 2003,H
XK 2003,
KW 2003,H
KG 2003,L
LA 2003,L
LV 2003,UM
LB 2003,UM
LS 2003,L
LR 2003,L
LY 2003,UM
LI 2003,H
LT 2003,UM
LU 2003,H
MO 2003,H
MG 2003,L
MW 2003,L
MY 2003,UM
MV 2003,LM
ML 2003,L
MT 2003,H
MH 2003,LM
MR 2003,L
MU 2003,UM
MX 2003,UM
FM 2003,LM
MD 2003,L
MC 2003,H
MN 2003,L
ME 2003,
MA 2003,LM
MZ 2003,L
MM 2003,L
NA 2003,LM
NR 2003,
NP 2003,L
NL 2003,H
NC 2003,H
NZ 2003,H
NI 2003,L
NE 2003,L
NG 2003,L
MK 2003,LM
MP 2003,UM
NO 2003,H
OM 2003,UM
PK 2003,L
PW 2003,UM
PA 2003,UM
PG 2003,L
PY 2003,LM
PE 2003,LM
PH 2003,LM
PL 2003,UM
PT 2003,H
PR 2003,H
QA 2003,H
RO 2003,LM
RU 2003,LM
RW 2003,L
WS 2003,LM
SM 2003,H
ST 2003,L
SA 2003,UM
SN 2003,L
RS 2003,
SC 2003,UM
SL 2003,L
SG 2003,H
SX 2003,
SK 2003,UM
SI 2003,H
SB 2003,L
SO 2003,L
ZA 2003,LM
SS 2003,
ES 2003,H
LK 2003,LM
KN 2003,UM
LC 2003,UM
MF 2003,
VC 2003,UM
SD 2003,L
SR 2003,LM
SE 2003,H
CH 2003,H
SY 2003,LM
TW 2003,H
TJ 2003,L
TZ 2003,L
TH 2003,LM
TL 2003,L
TG 2003,L
TO 2003,LM
TT 2003,UM
TN 2003,LM
TR 2003,LM
TM 2003,LM
TC 2003,
TV 2003,
UG 2003,L
UA 2003,LM
AE 2003,H
GB 2003,H
US 2003,H
UY 2003,UM
UZ 2003,L
VU 2003,LM
VE 2003,UM
VN 2003,L
VI 2003,H
PS 2003,LM
YE 2003,L
ZM 2003,L
ZW 2003,L
AF 2004,L
AL 2004,LM
DZ 2004,LM
AS 2004,UM
AD 2004,H
AO 2004,LM
AG 2004,UM
AR 2004,UM
AM 2004,LM
AW 2004,H
AU 2004,H
AT 2004,H
AZ 2004,LM
BS 2004,H
BH 2004,H
BD 2004,L
BB 2004,UM
BY 2004,LM
BE 2004,H
BZ 2004,UM
BJ 2004,L
BM 2004,H
BT 2004,L
BO 2004,LM
BA 2004,LM
BW 2004,UM
BR 2004,LM
VG 2004,
BN 2004,H
BG 2004,LM
BF 2004,L
BI 2004,L
CV 2004,LM
KH 2004,L
CM 2004,L
CA 2004,H
KY 2004,H
CF 2004,L
TD 2004,L
CL 2004,UM
CN 2004,LM
CO 2004,LM
KM 2004,L
CD 2004,L
CG 2004,L
CR 2004,UM
CI 2004,L
HR 2004,UM
CU 2004,LM
CW 2004,
CY 2004,H
CZ 2004,UM
DK 2004,H
DJ 2004,LM
DM 2004,UM
DO 2004,LM
EC 2004,LM
EG 2004,LM
SV 2004,LM
GQ 2004,UM
ER 2004,L
EE 2004,UM
SZ 2004,LM
ET 2004,L
FO 2004,H
FJ 2004,LM
FI 2004,H
FR 2004,H
PF 2004,H
GA 2004,UM
GM 2004,L
GE 2004,LM
DE 2004,H
GH 2004,L
GI 2004,
GR 2004,H
GL 2004,H
GD 2004,UM
GU 2004,H
GT 2004,LM
GN 2004,L
GW 2004,L
GY 2004,LM
HT 2004,L
HN 2004,LM
HK 2004,H
HU 2004,UM
IS 2004,H
IN 2004,L
ID 2004,LM
IR 2004,LM
IQ 2004,LM
IE 2004,H
IM 2004,H
IL 2004,H
IT 2004,H
JM 2004,LM
JP 2004,H
JO 2004,LM
KZ 2004,LM
KE 2004,L
KI 2004,LM
KP 2004,L
KR 2004,H
XK 2004,
KW 2004,H
KG 2004,L
LA 2004,L
LV 2004,UM
LB 2004,UM
LS 2004,L
LR 2004,L
LY 2004,UM
LI 2004,H
LT 2004,UM
LU 2004,H
MO 2004,H
MG 2004,L
MW 2004,L
MY 2004,UM
MV 2004,LM
ML 2004,L
MT 2004,H
MH 2004,LM
MR 2004,L
MU 2004,UM
MX 2004,UM
FM 2004,LM
MD 2004,L
MC 2004,H
MN 2004,L
ME 2004,
MA 2004,LM
MZ 2004,L
MM 2004,L
NA 2004,LM
NR 2004,
NP 2004,L
NL 2004,H
NC 2004,H
NZ 2004,H
NI 2004,L
NE 2004,L
NG 2004,L
MK 2004,LM
MP 2004,UM
NO 2004,H
OM 2004,UM
PK 2004,L
PW 2004,UM
PA 2004,UM
PG 2004,L
PY 2004,LM
PE 2004,LM
PH 2004,LM
PL 2004,UM
PT 2004,H
PR 2004,H
QA 2004,H
RO 2004,LM
RU 2004,UM
RW 2004,L
WS 2004,LM
SM 2004,H
ST 2004,L
SA 2004,H
SN 2004,L
RS 2004,
SC 2004,UM
SL 2004,L
SG 2004,H
SX 2004,
SK 2004,UM
SI 2004,H
SB 2004,L
SO 2004,L
ZA 2004,UM
SS 2004,
ES 2004,H
LK 2004,LM
KN 2004,UM
LC 2004,UM
MF 2004,
VC 2004,UM
SD 2004,L
SR 2004,LM
SE 2004,H
CH 2004,H
SY 2004,LM
TW 2004,H
TJ 2004,L
TZ 2004,L
TH 2004,LM
TL 2004,L
TG 2004,L
TO 2004,LM
TT 2004,UM
TN 2004,LM
TR 2004,UM
TM 2004,LM
TC 2004,
TV 2004,
UG 2004,L
UA 2004,LM
AE 2004,H
GB 2004,H
US 2004,H
UY 2004,UM
UZ 2004,L
VU 2004,LM
VE 2004,UM
VN 2004,L
VI 2004,H
PS 2004,LM
YE 2004,L
ZM 2004,L
ZW 2004,L
AF 2005,L
AL 2005,LM
DZ 2005,LM
AS 2005,UM
AD 2005,H
AO 2005,LM
AG 2005,H
AR 2005,UM
AM 2005,LM
AW 2005,H
AU 2005,H
AT 2005,H
AZ 2005,LM
BS 2005,H
BH 2005,H
BD 2005,L
BB 2005,UM
BY 2005,LM
BE 2005,H
BZ 2005,UM
BJ 2005,L
BM 2005,H
BT 2005,L
BO 2005,LM
BA 2005,LM
BW 2005,UM
BR 2005,LM
VG 2005,
BN 2005,H
BG 2005,LM
BF 2005,L
BI 2005,L
CV 2005,LM
KH 2005,L
CM 2005,LM
CA 2005,H
KY 2005,H
CF 2005,L
TD 2005,L
CL 2005,UM
CN 2005,LM
CO 2005,LM
KM 2005,L
CD 2005,L
CG 2005,LM
CR 2005,UM
CI 2005,L
HR 2005,UM
CU 2005,LM
CW 2005,
CY 2005,H
CZ 2005,UM
DK 2005,H
DJ 2005,LM
DM 2005,UM
DO 2005,LM
EC 2005,LM
EG 2005,LM
SV 2005,LM
GQ 2005,UM
ER 2005,L
EE 2005,UM
SZ 2005,LM
ET 2005,L
FO 2005,H
FJ 2005,LM
FI 2005,H
FR 2005,H
PF 2005,H
GA 2005,UM
GM 2005,L
GE 2005,LM
DE 2005,H
GH 2005,L
GI 2005,
GR 2005,H
GL 2005,H
GD 2005,UM
GU 2005,H
GT 2005,LM
GN 2005,L
GW 2005,L
GY 2005,LM
HT 2005,L
HN 2005,LM
HK 2005,H
HU 2005,UM
IS 2005,H
IN 2005,L
ID 2005,LM
IR 2005,LM
IQ 2005,LM
IE 2005,H
IM 2005,H
IL 2005,H
IT 2005,H
JM 2005,LM
JP 2005,H
JO 2005,LM
KZ 2005,LM
KE 2005,L
KI 2005,LM
KP 2005,L
KR 2005,H
XK 2005,
KW 2005,H
KG 2005,L
LA 2005,L
LV 2005,UM
LB 2005,UM
LS 2005,LM
LR 2005,L
LY 2005,UM
LI 2005,H
LT 2005,UM
LU 2005,H
MO 2005,H
MG 2005,L
MW 2005,L
MY 2005,UM
MV 2005,LM
ML 2005,L
MT 2005,H
MH 2005,LM
MR 2005,L
MU 2005,UM
MX 2005,UM
FM 2005,LM
MD 2005,LM
MC 2005,H
MN 2005,L
ME 2005,
MA 2005,LM
MZ 2005,L
MM 2005,L
NA 2005,LM
NR 2005,
NP 2005,L
NL 2005,H
NC 2005,H
NZ 2005,H
NI 2005,LM
NE 2005,L
NG 2005,L
MK 2005,LM
MP 2005,UM
NO 2005,H
OM 2005,UM
PK 2005,L
PW 2005,UM
PA 2005,UM
PG 2005,L
PY 2005,LM
PE 2005,LM
PH 2005,LM
PL 2005,UM
PT 2005,H
PR 2005,H
QA 2005,H
RO 2005,UM
RU 2005,UM
RW 2005,L
WS 2005,LM
SM 2005,H
ST 2005,L
SA 2005,H
SN 2005,L
RS 2005,
SC 2005,UM
SL 2005,L
SG 2005,H
SX 2005,
SK 2005,UM
SI 2005,H
SB 2005,L
SO 2005,L
ZA 2005,UM
SS 2005,
ES 2005,H
LK 2005,LM
KN 2005,UM
LC 2005,UM
MF 2005,
VC 2005,UM
SD 2005,L
SR 2005,LM
SE 2005,H
CH 2005,H
SY 2005,LM
TW 2005,H
TJ 2005,L
TZ 2005,L
TH 2005,LM
TL 2005,L
TG 2005,L
TO 2005,LM
TT 2005,UM
TN 2005,LM
TR 2005,UM
TM 2005,LM
TC 2005,
TV 2005,
UG 2005,L
UA 2005,LM
AE 2005,H
GB 2005,H
US 2005,H
UY 2005,UM
UZ 2005,L
VU 2005,LM
VE 2005,UM
VN 2005,L
VI 2005,H
PS 2005,LM
YE 2005,L
ZM 2005,L
ZW 2005,L
AF 2006,L
AL 2006,LM
DZ 2006,LM
AS 2006,UM
AD 2006,H
AO 2006,LM
AG 2006,H
AR 2006,UM
AM 2006,LM
AW 2006,H
AU 2006,H
AT 2006,H
AZ 2006,LM
BS 2006,H
BH 2006,H
BD 2006,L
BB 2006,H
BY 2006,LM
BE 2006,H
BZ 2006,UM
BJ 2006,L
BM 2006,H
BT 2006,LM
BO 2006,LM
BA 2006,LM
BW 2006,UM
BR 2006,UM
VG 2006,
BN 2006,H
BG 2006,UM
BF 2006,L
BI 2006,L
CV 2006,LM
KH 2006,L
CM 2006,LM
CA 2006,H
KY 2006,H
CF 2006,L
TD 2006,L
CL 2006,UM
CN 2006,LM
CO 2006,LM
KM 2006,L
CD 2006,L
CG 2006,LM
CR 2006,UM
CI 2006,L
HR 2006,UM
CU 2006,LM
CW 2006,
CY 2006,H
CZ 2006,H
DK 2006,H
DJ 2006,LM
DM 2006,UM
DO 2006,LM
EC 2006,LM
EG 2006,LM
SV 2006,LM
GQ 2006,UM
ER 2006,L
EE 2006,H
SZ 2006,LM
ET 2006,L
FO 2006,H
FJ 2006,LM
FI 2006,H
FR 2006,H
PF 2006,H
GA 2006,UM
GM 2006,L
GE 2006,LM
DE 2006,H
GH 2006,L
GI 2006,
GR 2006,H
GL 2006,H
GD 2006,UM
GU 2006,H
GT 2006,LM
GN 2006,L
GW 2006,L
GY 2006,LM
HT 2006,L
HN 2006,LM
HK 2006,H
HU 2006,UM
IS 2006,H
IN 2006,L
ID 2006,LM
IR 2006,LM
IQ 2006,LM
IE 2006,H
IM 2006,H
IL 2006,H
IT 2006,H
JM 2006,LM
JP 2006,H
JO 2006,LM
KZ 2006,UM
KE 2006,L
KI 2006,LM
KP 2006,L
KR 2006,H
XK 2006,
KW 2006,H
KG 2006,L
LA 2006,L
LV 2006,UM
LB 2006,UM
LS 2006,LM
LR 2006,L
LY 2006,UM
LI 2006,H
LT 2006,UM
LU 2006,H
MO 2006,H
MG 2006,L
MW 2006,L
MY 2006,UM
MV 2006,LM
ML 2006,L
MT 2006,H
MH 2006,LM
MR 2006,L
MU 2006,UM
MX 2006,UM
FM 2006,LM
MD 2006,LM
MC 2006,H
MN 2006,L
ME 2006,UM
MA 2006,LM
MZ 2006,L
MM 2006,L
NA 2006,LM
NR 2006,
NP 2006,L
NL 2006,H
NC 2006,H
NZ 2006,H
NI 2006,LM
NE 2006,L
NG 2006,L
MK 2006,LM
MP 2006,UM
NO 2006,H
OM 2006,UM
PK 2006,L
PW 2006,UM
PA 2006,UM
PG 2006,L
PY 2006,LM
PE 2006,LM
PH 2006,LM
PL 2006,UM
PT 2006,H
PR 2006,H
QA 2006,H
RO 2006,UM
RU 2006,UM
RW 2006,L
WS 2006,LM
SM 2006,H
ST 2006,L
SA 2006,H
SN 2006,L
RS 2006,UM
SC 2006,UM
SL 2006,L
SG 2006,H
SX 2006,
SK 2006,UM
SI 2006,H
SB 2006,L
SO 2006,L
ZA 2006,UM
SS 2006,
ES 2006,H
LK 2006,LM
KN 2006,UM
LC 2006,UM
MF 2006,
VC 2006,UM
SD 2006,L
SR 2006,LM
SE 2006,H
CH 2006,H
SY 2006,LM
TW 2006,H
TJ 2006,L
TZ 2006,L
TH 2006,LM
TL 2006,L
TG 2006,L
TO 2006,LM
TT 2006,H
TN 2006,LM
TR 2006,UM
TM 2006,LM
TC 2006,
TV 2006,
UG 2006,L
UA 2006,LM
AE 2006,H
GB 2006,H
US 2006,H
UY 2006,UM
UZ 2006,L
VU 2006,LM
VE 2006,UM
VN 2006,L
VI 2006,H
PS 2006,LM
YE 2006,L
ZM 2006,L
ZW 2006,L
AF 2007,L
AL 2007,LM
DZ 2007,LM
AS 2007,UM
AD 2007,H
AO 2007,LM
AG 2007,H
AR 2007,UM
AM 2007,LM
AW 2007,H
AU 2007,H
AT 2007,H
AZ 2007,LM
BS 2007,H
BH 2007,H
BD 2007,L
BB 2007,H
BY 2007,UM
BE 2007,H
BZ 2007,UM
BJ 2007,L
BM 2007,H
BT 2007,LM
BO 2007,LM
BA 2007,LM
BW 2007,UM
BR 2007,UM
VG 2007,
BN 2007,H
BG 2007,UM
BF 2007,L
BI 2007,L
CV 2007,LM
KH 2007,L
CM 2007,LM
CA 2007,H
KY 2007,H
CF 2007,L
TD 2007,L
CL 2007,UM
CN 2007,LM
CO 2007,LM
KM 2007,L
CD 2007,L
CG 2007,LM
CR 2007,UM
CI 2007,L
HR 2007,UM
CU 2007,UM
CW 2007,
CY 2007,H
CZ 2007,H
DK 2007,H
DJ 2007,LM
DM 2007,UM
DO 2007,LM
EC 2007,LM
EG 2007,LM
SV 2007,LM
GQ 2007,H
ER 2007,L
EE 2007,H
SZ 2007,LM
ET 2007,L
FO 2007,H
FJ 2007,UM
FI 2007,H
FR 2007,H
PF 2007,H
GA 2007,UM
GM 2007,L
GE 2007,LM
DE 2007,H
GH 2007,L
GI 2007,
GR 2007,H
GL 2007,H
GD 2007,UM
GU 2007,H
GT 2007,LM
GN 2007,L
GW 2007,L
GY 2007,LM
HT 2007,L
HN 2007,LM
HK 2007,H
HU 2007,H
IS 2007,H
IN 2007,LM
ID 2007,LM
IR 2007,LM
IQ 2007,LM
IE 2007,H
IM 2007,H
IL 2007,H
IT 2007,H
JM 2007,UM
JP 2007,H
JO 2007,LM
KZ 2007,UM
KE 2007,L
KI 2007,LM
KP 2007,L
KR 2007,H
XK 2007,
KW 2007,H
KG 2007,L
LA 2007,L
LV 2007,UM
LB 2007,UM
LS 2007,LM
LR 2007,L
LY 2007,UM
LI 2007,H
LT 2007,UM
LU 2007,H
MO 2007,H
MG 2007,L
MW 2007,L
MY 2007,UM
MV 2007,LM
ML 2007,L
MT 2007,H
MH 2007,LM
MR 2007,L
MU 2007,UM
MX 2007,UM
FM 2007,LM
MD 2007,LM
MC 2007,H
MN 2007,LM
ME 2007,UM
MA 2007,LM
MZ 2007,L
MM 2007,L
NA 2007,LM
NR 2007,
NP 2007,L
NL 2007,H
NC 2007,H
NZ 2007,H
NI 2007,LM
NE 2007,L
NG 2007,L
MK 2007,LM
MP 2007,H
NO 2007,H
OM 2007,H
PK 2007,L
PW 2007,UM
PA 2007,UM
PG 2007,L
PY 2007,LM
PE 2007,LM
PH 2007,LM
PL 2007,UM
PT 2007,H
PR 2007,H
QA 2007,H
RO 2007,UM
RU 2007,UM
RW 2007,L
WS 2007,LM
SM 2007,H
ST 2007,L
SA 2007,H
SN 2007,L
RS 2007,UM
SC 2007,UM
SL 2007,L
SG 2007,H
SX 2007,
SK 2007,H
SI 2007,H
SB 2007,L
SO 2007,L
ZA 2007,UM
SS 2007,
ES 2007,H
LK 2007,LM
KN 2007,UM
LC 2007,UM
MF 2007,
VC 2007,UM
SD 2007,LM
SR 2007,UM
SE 2007,H
CH 2007,H
SY 2007,LM
TW 2007,H
TJ 2007,L
TZ 2007,L
TH 2007,LM
TL 2007,LM
TG 2007,L
TO 2007,LM
TT 2007,H
TN 2007,LM
TR 2007,UM
TM 2007,LM
TC 2007,
TV 2007,
UG 2007,L
UA 2007,LM
AE 2007,H
GB 2007,H
US 2007,H
UY 2007,UM
UZ 2007,L
VU 2007,LM
VE 2007,UM
VN 2007,L
VI 2007,H
PS 2007,LM
YE 2007,L
ZM 2007,L
ZW 2007,L
AF 2008,L
AL 2008,LM
DZ 2008,UM
AS 2008,UM
AD 2008,H
AO 2008,LM
AG 2008,H
AR 2008,UM
AM 2008,LM
AW 2008,H
AU 2008,H
AT 2008,H
AZ 2008,LM
BS 2008,H
BH 2008,H
BD 2008,L
BB 2008,H
BY 2008,UM
BE 2008,H
BZ 2008,LM
BJ 2008,L
BM 2008,H
BT 2008,LM
BO 2008,LM
BA 2008,UM
BW 2008,UM
BR 2008,UM
VG 2008,
BN 2008,H
BG 2008,UM
BF 2008,L
BI 2008,L
CV 2008,LM
KH 2008,L
CM 2008,LM
CA 2008,H
KY 2008,H
CF 2008,L
TD 2008,L
CL 2008,UM
CN 2008,LM
CO 2008,UM
KM 2008,L
CD 2008,L
CG 2008,LM
CR 2008,UM
CI 2008,LM
HR 2008,H
CU 2008,UM
CW 2008,
CY 2008,H
CZ 2008,H
DK 2008,H
DJ 2008,LM
DM 2008,UM
DO 2008,UM
EC 2008,LM
EG 2008,LM
SV 2008,LM
GQ 2008,H
ER 2008,L
EE 2008,H
SZ 2008,LM
ET 2008,L
FO 2008,H
FJ 2008,UM
FI 2008,H
FR 2008,H
PF 2008,H
GA 2008,UM
GM 2008,L
GE 2008,LM
DE 2008,H
GH 2008,L
GI 2008,
GR 2008,H
GL 2008,H
GD 2008,UM
GU 2008,H
GT 2008,LM
GN 2008,L
GW 2008,L
GY 2008,LM
HT 2008,L
HN 2008,LM
HK 2008,H
HU 2008,H
IS 2008,H
IN 2008,LM
ID 2008,LM
IR 2008,LM
IQ 2008,LM
IE 2008,H
IM 2008,H
IL 2008,H
IT 2008,H
JM 2008,UM
JP 2008,H
JO 2008,LM
KZ 2008,UM
KE 2008,L
KI 2008,LM
KP 2008,L
KR 2008,H
XK 2008,LM
KW 2008,H
KG 2008,L
LA 2008,L
LV 2008,UM
LB 2008,UM
LS 2008,LM
LR 2008,L
LY 2008,UM
LI 2008,H
LT 2008,UM
LU 2008,H
MO 2008,H
MG 2008,L
MW 2008,L
MY 2008,UM
MV 2008,LM
ML 2008,L
MT 2008,H
MH 2008,LM
MR 2008,L
MU 2008,UM
MX 2008,UM
FM 2008,LM
MD 2008,LM
MC 2008,H
MN 2008,LM
ME 2008,UM
MA 2008,LM
MZ 2008,L
MM 2008,L
NA 2008,UM
NR 2008,
NP 2008,L
NL 2008,H
NC 2008,H
NZ 2008,H
NI 2008,LM
NE 2008,L
NG 2008,LM
MK 2008,UM
MP 2008,H
NO 2008,H
OM 2008,H
PK 2008,LM
PW 2008,UM
PA 2008,UM
PG 2008,LM
PY 2008,LM
PE 2008,UM
PH 2008,LM
PL 2008,UM
PT 2008,H
PR 2008,H
QA 2008,H
RO 2008,UM
RU 2008,UM
RW 2008,L
WS 2008,LM
SM 2008,H
ST 2008,LM
SA 2008,H
SN 2008,L
RS 2008,UM
SC 2008,UM
SL 2008,L
SG 2008,H
SX 2008,
SK 2008,H
SI 2008,H
SB 2008,LM
SO 2008,L
ZA 2008,UM
SS 2008,
ES 2008,H
LK 2008,LM
KN 2008,UM
LC 2008,UM
MF 2008,
VC 2008,UM
SD 2008,LM
SR 2008,UM
SE 2008,H
CH 2008,H
SY 2008,LM
TW 2008,H
TJ 2008,L
TZ 2008,L
TH 2008,LM
TL 2008,LM
TG 2008,L
TO 2008,LM
TT 2008,H
TN 2008,LM
TR 2008,UM
TM 2008,LM
TC 2008,
TV 2008,
UG 2008,L
UA 2008,LM
AE 2008,H
GB 2008,H
US 2008,H
UY 2008,UM
UZ 2008,L
VU 2008,LM
VE 2008,UM
VN 2008,L
VI 2008,H
PS 2008,LM
YE 2008,L
ZM 2008,L
ZW 2008,L
AF 2009,L
AL 2009,UM
DZ 2009,UM
AS 2009,UM
AD 2009,H
AO 2009,LM
AG 2009,UM
AR 2009,UM
AM 2009,LM
AW 2009,H
AU 2009,H
AT 2009,H
AZ 2009,UM
BS 2009,H
BH 2009,H
BD 2009,L
BB 2009,H
BY 2009,UM
BE 2009,H
BZ 2009,LM
BJ 2009,L
BM 2009,H
BT 2009,LM
BO 2009,LM
BA 2009,UM
BW 2009,UM
BR 2009,UM
VG 2009,
BN 2009,H
BG 2009,UM
BF 2009,L
BI 2009,L
CV 2009,LM
KH 2009,L
CM 2009,LM
CA 2009,H
KY 2009,H
CF 2009,L
TD 2009,L
CL 2009,UM
CN 2009,LM
CO 2009,UM
KM 2009,L
CD 2009,L
CG 2009,LM
CR 2009,UM
CI 2009,LM
HR 2009,H
CU 2009,UM
CW 2009,
CY 2009,H
CZ 2009,H
DK 2009,H
DJ 2009,LM
DM 2009,UM
DO 2009,UM
EC 2009,LM
EG 2009,LM
SV 2009,LM
GQ 2009,H
ER 2009,L
EE 2009,H
SZ 2009,LM
ET 2009,L
FO 2009,H
FJ 2009,UM
FI 2009,H
FR 2009,H
PF 2009,H
GA 2009,UM
GM 2009,L
GE 2009,LM
DE 2009,H
GH 2009,L
GI 2009,H
GR 2009,H
GL 2009,H
GD 2009,UM
GU 2009,H
GT 2009,LM
GN 2009,L
GW 2009,L
GY 2009,LM
HT 2009,L
HN 2009,LM
HK 2009,H
HU 2009,H
IS 2009,H
IN 2009,LM
ID 2009,LM
IR 2009,UM
IQ 2009,LM
IE 2009,H
IM 2009,H
IL 2009,H
IT 2009,H
JM 2009,UM
JP 2009,H
JO 2009,LM
KZ 2009,UM
KE 2009,L
KI 2009,LM
KP 2009,L
KR 2009,H
XK 2009,LM
KW 2009,H
KG 2009,L
LA 2009,L
LV 2009,H
LB 2009,UM
LS 2009,LM
LR 2009,L
LY 2009,UM
LI 2009,H
LT 2009,UM
LU 2009,H
MO 2009,H
MG 2009,L
MW 2009,L
MY 2009,UM
MV 2009,LM
ML 2009,L
MT 2009,H
MH 2009,LM
MR 2009,L
MU 2009,UM
MX 2009,UM
FM 2009,LM
MD 2009,LM
MC 2009,H
MN 2009,LM
ME 2009,UM
MA 2009,LM
MZ 2009,L
MM 2009,L
NA 2009,UM
NR 2009,
NP 2009,L
NL 2009,H
NC 2009,H
NZ 2009,H
NI 2009,LM
NE 2009,L
NG 2009,LM
MK 2009,UM
MP 2009,H
NO 2009,H
OM 2009,H
PK 2009,LM
PW 2009,UM
PA 2009,UM
PG 2009,LM
PY 2009,LM
PE 2009,UM
PH 2009,LM
PL 2009,H
PT 2009,H
PR 2009,H
QA 2009,H
RO 2009,UM
RU 2009,UM
RW 2009,L
WS 2009,LM
SM 2009,H
ST 2009,LM
SA 2009,H
SN 2009,LM
RS 2009,UM
SC 2009,UM
SL 2009,L
SG 2009,H
SX 2009,
SK 2009,H
SI 2009,H
SB 2009,L
SO 2009,L
ZA 2009,UM
SS 2009,
ES 2009,H
LK 2009,LM
KN 2009,UM
LC 2009,UM
MF 2009,
VC 2009,UM
SD 2009,LM
SR 2009,UM
SE 2009,H
CH 2009,H
SY 2009,LM
TW 2009,H
TJ 2009,L
TZ 2009,L
TH 2009,LM
TL 2009,LM
TG 2009,L
TO 2009,LM
TT 2009,H
TN 2009,LM
TR 2009,UM
TM 2009,LM
TC 2009,H
TV 2009,LM
UG 2009,L
UA 2009,LM
AE 2009,H
GB 2009,H
US 2009,H
UY 2009,UM
UZ 2009,LM
VU 2009,LM
VE 2009,UM
VN 2009,LM
VI 2009,H
PS 2009,LM
YE 2009,LM
ZM 2009,L
ZW 2009,L
AF 2010,L
AL 2010,UM
DZ 2010,UM
AS 2010,UM
AD 2010,H
AO 2010,LM
AG 2010,UM
AR 2010,UM
AM 2010,LM
AW 2010,H
AU 2010,H
AT 2010,H
AZ 2010,UM
BS 2010,H
BH 2010,H
BD 2010,L
BB 2010,H
BY 2010,UM
BE 2010,H
BZ 2010,LM
BJ 2010,L
BM 2010,H
BT 2010,LM
BO 2010,LM
BA 2010,UM
BW 2010,UM
BR 2010,UM
VG 2010,
BN 2010,H
BG 2010,UM
BF 2010,L
BI 2010,L
CV 2010,LM
KH 2010,L
CM 2010,LM
CA 2010,H
KY 2010,H
CF 2010,L
TD 2010,L
CL 2010,UM
CN 2010,UM
CO 2010,UM
KM 2010,L
CD 2010,L
CG 2010,LM
CR 2010,UM
CI 2010,LM
HR 2010,H
CU 2010,UM
CW 2010,H
CY 2010,H
CZ 2010,H
DK 2010,H
DJ 2010,LM
DM 2010,UM
DO 2010,UM
EC 2010,UM
EG 2010,LM
SV 2010,LM
GQ 2010,H
ER 2010,L
EE 2010,H
SZ 2010,LM
ET 2010,L
FO 2010,H
FJ 2010,LM
FI 2010,H
FR 2010,H
PF 2010,H
GA 2010,UM
GM 2010,L
GE 2010,LM
DE 2010,H
GH 2010,LM
GI 2010,H
GR 2010,H
GL 2010,H
GD 2010,UM
GU 2010,H
GT 2010,LM
GN 2010,L
GW 2010,L
GY 2010,LM
HT 2010,L
HN 2010,LM
HK 2010,H
HU 2010,H
IS 2010,H
IN 2010,LM
ID 2010,LM
IR 2010,UM
IQ 2010,LM
IE 2010,H
IM 2010,H
IL 2010,H
IT 2010,H
JM 2010,UM
JP 2010,H
JO 2010,UM
KZ 2010,UM
KE 2010,L
KI 2010,LM
KP 2010,L
KR 2010,H
XK 2010,LM
KW 2010,H
KG 2010,L
LA 2010,LM
LV 2010,UM
LB 2010,UM
LS 2010,LM
LR 2010,L
LY 2010,UM
LI 2010,H
LT 2010,UM
LU 2010,H
MO 2010,H
MG 2010,L
MW 2010,L
MY 2010,UM
MV 2010,UM
ML 2010,L
MT 2010,H
MH 2010,LM
MR 2010,LM
MU 2010,UM
MX 2010,UM
FM 2010,LM
MD 2010,LM
MC 2010,H
MN 2010,LM
ME 2010,UM
MA 2010,LM
MZ 2010,L
MM 2010,L
NA 2010,UM
NR 2010,
NP 2010,L
NL 2010,H
NC 2010,H
NZ 2010,H
NI 2010,LM
NE 2010,L
NG 2010,LM
MK 2010,UM
MP 2010,H
NO 2010,H
OM 2010,H
PK 2010,LM
PW 2010,UM
PA 2010,UM
PG 2010,LM
PY 2010,LM
PE 2010,UM
PH 2010,LM
PL 2010,H
PT 2010,H
PR 2010,H
QA 2010,H
RO 2010,UM
RU 2010,UM
RW 2010,L
WS 2010,LM
SM 2010,H
ST 2010,LM
SA 2010,H
SN 2010,LM
RS 2010,UM
SC 2010,UM
SL 2010,L
SG 2010,H
SX 2010,H
SK 2010,H
SI 2010,H
SB 2010,LM
SO 2010,L
ZA 2010,UM
SS 2010,
ES 2010,H
LK 2010,LM
KN 2010,UM
LC 2010,UM
MF 2010,H
VC 2010,UM
SD 2010,LM
SR 2010,UM
SE 2010,H
CH 2010,H
SY 2010,LM
TW 2010,H
TJ 2010,L
TZ 2010,L
TH 2010,UM
TL 2010,LM
TG 2010,L
TO 2010,LM
TT 2010,H
TN 2010,UM
TR 2010,UM
TM 2010,LM
TC 2010,H
TV 2010,LM
UG 2010,L
UA 2010,LM
AE 2010,H
GB 2010,H
US 2010,H
UY 2010,UM
UZ 2010,LM
VU 2010,LM
VE 2010,UM
VN 2010,LM
VI 2010,H
PS 2010,LM
YE 2010,LM
ZM 2010,LM
ZW 2010,L
AF 2011,L
AL 2011,LM
DZ 2011,UM
AS 2011,UM
AD 2011,H
AO 2011,UM
AG 2011,UM
AR 2011,UM
AM 2011,LM
AW 2011,H
AU 2011,H
AT 2011,H
AZ 2011,UM
BS 2011,H
BH 2011,H
BD 2011,L
BB 2011,H
BY 2011,UM
BE 2011,H
BZ 2011,LM
BJ 2011,L
BM 2011,H
BT 2011,LM
BO 2011,LM
BA 2011,UM
BW 2011,UM
BR 2011,UM
VG 2011,
BN 2011,H
BG 2011,UM
BF 2011,L
BI 2011,L
CV 2011,LM
KH 2011,L
CM 2011,LM
CA 2011,H
KY 2011,H
CF 2011,L
TD 2011,L
CL 2011,UM
CN 2011,UM
CO 2011,UM
KM 2011,L
CD 2011,L
CG 2011,LM
CR 2011,UM
CI 2011,LM
HR 2011,H
CU 2011,UM
CW 2011,H
CY 2011,H
CZ 2011,H
DK 2011,H
DJ 2011,LM
DM 2011,UM
DO 2011,UM
EC 2011,UM
EG 2011,LM
SV 2011,LM
GQ 2011,H
ER 2011,L
EE 2011,H
SZ 2011,LM
ET 2011,L
FO 2011,H
FJ 2011,LM
FI 2011,H
FR 2011,H
PF 2011,H
GA 2011,UM
GM 2011,L
GE 2011,LM
DE 2011,H
GH 2011,LM
GI 2011,
GR 2011,H
GL 2011,H
GD 2011,UM
GU 2011,H
GT 2011,LM
GN 2011,L
GW 2011,L
GY 2011,LM
HT 2011,L
HN 2011,LM
HK 2011,H
HU 2011,H
IS 2011,H
IN 2011,LM
ID 2011,LM
IR 2011,UM
IQ 2011,LM
IE 2011,H
IM 2011,H
IL 2011,H
IT 2011,H
JM 2011,UM
JP 2011,H
JO 2011,UM
KZ 2011,UM
KE 2011,L
KI 2011,LM
KP 2011,L
KR 2011,H
XK 2011,LM
KW 2011,H
KG 2011,L
LA 2011,LM
LV 2011,UM
LB 2011,UM
LS 2011,LM
LR 2011,L
LY 2011,UM
LI 2011,H
LT 2011,UM
LU 2011,H
MO 2011,H
MG 2011,L
MW 2011,L
MY 2011,UM
MV 2011,UM
ML 2011,L
MT 2011,H
MH 2011,LM
MR 2011,L
MU 2011,UM
MX 2011,UM
FM 2011,LM
MD 2011,LM
MC 2011,H
MN 2011,LM
ME 2011,UM
MA 2011,LM
MZ 2011,L
MM 2011,L
NA 2011,UM
NR 2011,
NP 2011,L
NL 2011,H
NC 2011,H
NZ 2011,H
NI 2011,LM
NE 2011,L
NG 2011,LM
MK 2011,UM
MP 2011,H
NO 2011,H
OM 2011,H
PK 2011,LM
PW 2011,UM
PA 2011,UM
PG 2011,LM
PY 2011,LM
PE 2011,UM
PH 2011,LM
PL 2011,H
PT 2011,H
PR 2011,H
QA 2011,H
RO 2011,UM
RU 2011,UM
RW 2011,L
WS 2011,LM
SM 2011,H
ST 2011,LM
SA 2011,H
SN 2011,LM
RS 2011,UM
SC 2011,UM
SL 2011,L
SG 2011,H
SX 2011,H
SK 2011,H
SI 2011,H
SB 2011,LM
SO 2011,L
ZA 2011,UM
SS 2011,LM
ES 2011,H
LK 2011,LM
KN 2011,H
LC 2011,UM
MF 2011,H
VC 2011,UM
SD 2011,LM
SR 2011,UM
SE 2011,H
CH 2011,H
SY 2011,LM
TW 2011,H
TJ 2011,L
TZ 2011,L
TH 2011,UM
TL 2011,LM
TG 2011,L
TO 2011,LM
TT 2011,H
TN 2011,UM
TR 2011,UM
TM 2011,UM
TC 2011,H
TV 2011,UM
UG 2011,L
UA 2011,LM
AE 2011,H
GB 2011,H
US 2011,H
UY 2011,UM
UZ 2011,LM
VU 2011,LM
VE 2011,UM
VN 2011,LM
VI 2011,H
PS 2011,LM
YE 2011,LM
ZM 2011,LM
ZW 2011,L
AF 2012,L
AL 2012,UM
DZ 2012,UM
AS 2012,UM
AD 2012,H
AO 2012,UM
AG 2012,H
AR 2012,UM
AM 2012,LM
AW 2012,H
AU 2012,H
AT 2012,H
AZ 2012,UM
BS 2012,H
BH 2012,H
BD 2012,L
BB 2012,H
BY 2012,UM
BE 2012,H
BZ 2012,UM
BJ 2012,L
BM 2012,H
BT 2012,LM
BO 2012,LM
BA 2012,UM
BW 2012,UM
BR 2012,UM
VG 2012,
BN 2012,H
BG 2012,UM
BF 2012,L
BI 2012,L
CV 2012,LM
KH 2012,L
CM 2012,LM
CA 2012,H
KY 2012,H
CF 2012,L
TD 2012,L
CL 2012,H
CN 2012,UM
CO 2012,UM
KM 2012,L
CD 2012,L
CG 2012,LM
CR 2012,UM
CI 2012,LM
HR 2012,H
CU 2012,UM
CW 2012,H
CY 2012,H
CZ 2012,H
DK 2012,H
DJ 2012,LM
DM 2012,UM
DO 2012,UM
EC 2012,UM
EG 2012,LM
SV 2012,LM
GQ 2012,H
ER 2012,L
EE 2012,H
SZ 2012,LM
ET 2012,L
FO 2012,H
FJ 2012,UM
FI 2012,H
FR 2012,H
PF 2012,H
GA 2012,UM
GM 2012,L
GE 2012,LM
DE 2012,H
GH 2012,LM
GI 2012,
GR 2012,H
GL 2012,H
GD 2012,UM
GU 2012,H
GT 2012,LM
GN 2012,L
GW 2012,L
GY 2012,LM
HT 2012,L
HN 2012,LM
HK 2012,H
HU 2012,UM
IS 2012,H
IN 2012,LM
ID 2012,LM
IR 2012,UM
IQ 2012,UM
IE 2012,H
IM 2012,H
IL 2012,H
IT 2012,H
JM 2012,UM
JP 2012,H
JO 2012,UM
KZ 2012,UM
KE 2012,L
KI 2012,LM
KP 2012,L
KR 2012,H
XK 2012,LM
KW 2012,H
KG 2012,L
LA 2012,LM
LV 2012,H
LB 2012,UM
LS 2012,LM
LR 2012,L
LY 2012,UM
LI 2012,H
LT 2012,H
LU 2012,H
MO 2012,H
MG 2012,L
MW 2012,L
MY 2012,UM
MV 2012,UM
ML 2012,L
MT 2012,H
MH 2012,UM
MR 2012,LM
MU 2012,UM
MX 2012,UM
FM 2012,LM
MD 2012,LM
MC 2012,H
MN 2012,LM
ME 2012,UM
MA 2012,LM
MZ 2012,L
MM 2012,L
NA 2012,UM
NR 2012,
NP 2012,L
NL 2012,H
NC 2012,H
NZ 2012,H
NI 2012,LM
NE 2012,L
NG 2012,LM
MK 2012,UM
MP 2012,H
NO 2012,H
OM 2012,H
PK 2012,LM
PW 2012,UM
PA 2012,UM
PG 2012,LM
PY 2012,LM
PE 2012,UM
PH 2012,LM
PL 2012,H
PT 2012,H
PR 2012,H
QA 2012,H
RO 2012,UM
RU 2012,H
RW 2012,L
WS 2012,LM
SM 2012,H
ST 2012,LM
SA 2012,H
SN 2012,LM
RS 2012,UM
SC 2012,UM
SL 2012,L
SG 2012,H
SX 2012,H
SK 2012,H
SI 2012,H
SB 2012,LM
SO 2012,L
ZA 2012,UM
SS 2012,L
ES 2012,H
LK 2012,LM
KN 2012,H
LC 2012,UM
MF 2012,H
VC 2012,UM
SD 2012,LM
SR 2012,UM
SE 2012,H
CH 2012,H
SY 2012,LM
TW 2012,H
TJ 2012,L
TZ 2012,L
TH 2012,UM
TL 2012,LM
TG 2012,L
TO 2012,UM
TT 2012,H
TN 2012,UM
TR 2012,UM
TM 2012,UM
TC 2012,H
TV 2012,UM
UG 2012,L
UA 2012,LM
AE 2012,H
GB 2012,H
US 2012,H
UY 2012,H
UZ 2012,LM
VU 2012,LM
VE 2012,UM
VN 2012,LM
VI 2012,H
PS 2012,LM
YE 2012,LM
ZM 2012,LM
ZW 2012,L
AF 2013,L
AL 2013,UM
DZ 2013,UM
AS 2013,UM
AD 2013,H
AO 2013,UM
AG 2013,H
AR 2013,UM
AM 2013,LM
AW 2013,H
AU 2013,H
AT 2013,H
AZ 2013,UM
BS 2013,H
BH 2013,H
BD 2013,L
BB 2013,H
BY 2013,UM
BE 2013,H
BZ 2013,UM
BJ 2013,L
BM 2013,H
BT 2013,LM
BO 2013,LM
BA 2013,UM
BW 2013,UM
BR 2013,UM
VG 2013,
BN 2013,H
BG 2013,UM
BF 2013,L
BI 2013,L
CV 2013,LM
KH 2013,L
CM 2013,LM
CA 2013,H
KY 2013,H
CF 2013,L
TD 2013,L
CL 2013,H
CN 2013,UM
CO 2013,UM
KM 2013,L
CD 2013,L
CG 2013,LM
CR 2013,UM
CI 2013,LM
HR 2013,H
CU 2013,UM
CW 2013,H
CY 2013,H
CZ 2013,H
DK 2013,H
DJ 2013,LM
DM 2013,UM
DO 2013,UM
EC 2013,UM
EG 2013,LM
SV 2013,LM
GQ 2013,H
ER 2013,L
EE 2013,H
SZ 2013,LM
ET 2013,L
FO 2013,H
FJ 2013,UM
FI 2013,H
FR 2013,H
PF 2013,H
GA 2013,UM
GM 2013,L
GE 2013,LM
DE 2013,H
GH 2013,LM
GI 2013,
GR 2013,H
GL 2013,H
GD 2013,UM
GU 2013,H
GT 2013,LM
GN 2013,L
GW 2013,L
GY 2013,LM
HT 2013,L
HN 2013,LM
HK 2013,H
HU 2013,UM
IS 2013,H
IN 2013,LM
ID 2013,LM
IR 2013,UM
IQ 2013,UM
IE 2013,H
IM 2013,H
IL 2013,H
IT 2013,H
JM 2013,UM
JP 2013,H
JO 2013,UM
KZ 2013,UM
KE 2013,L
KI 2013,LM
KP 2013,L
KR 2013,H
XK 2013,LM
KW 2013,H
KG 2013,LM
LA 2013,LM
LV 2013,H
LB 2013,UM
LS 2013,LM
LR 2013,L
LY 2013,UM
LI 2013,H
LT 2013,H
LU 2013,H
MO 2013,H
MG 2013,L
MW 2013,L
MY 2013,UM
MV 2013,UM
ML 2013,L
MT 2013,H
MH 2013,UM
MR 2013,LM
MU 2013,UM
MX 2013,UM
FM 2013,LM
MD 2013,LM
MC 2013,H
MN 2013,LM
ME 2013,UM
MA 2013,LM
MZ 2013,L
MM 2013,L
NA 2013,UM
NR 2013,
NP 2013,L
NL 2013,H
NC 2013,H
NZ 2013,H
NI 2013,LM
NE 2013,L
NG 2013,LM
MK 2013,UM
MP 2013,H
NO 2013,H
OM 2013,H
PK 2013,LM
PW 2013,UM
PA 2013,UM
PG 2013,LM
PY 2013,LM
PE 2013,UM
PH 2013,LM
PL 2013,H
PT 2013,H
PR 2013,H
QA 2013,H
RO 2013,UM
RU 2013,H
RW 2013,L
WS 2013,LM
SM 2013,H
ST 2013,LM
SA 2013,H
SN 2013,LM
RS 2013,UM
SC 2013,UM
SL 2013,L
SG 2013,H
SX 2013,H
SK 2013,H
SI 2013,H
SB 2013,LM
SO 2013,L
ZA 2013,UM
SS 2013,LM
ES 2013,H
LK 2013,LM
KN 2013,H
LC 2013,UM
MF 2013,H
VC 2013,UM
SD 2013,LM
SR 2013,UM
SE 2013,H
CH 2013,H
SY 2013,LM
TW 2013,H
TJ 2013,L
TZ 2013,L
TH 2013,UM
TL 2013,LM
TG 2013,L
TO 2013,UM
TT 2013,H
TN 2013,UM
TR 2013,UM
TM 2013,UM
TC 2013,H
TV 2013,UM
UG 2013,L
UA 2013,LM
AE 2013,H
GB 2013,H
US 2013,H
UY 2013,H
UZ 2013,LM
VU 2013,LM
VE 2013,UM
VN 2013,LM
VI 2013,H
PS 2013,LM
YE 2013,LM
ZM 2013,LM
ZW 2013,L
AF 2014,L
AL 2014,UM
DZ 2014,UM
AS 2014,UM
AD 2014,H
AO 2014,UM
AG 2014,H
AR 2014,H
AM 2014,LM
AW 2014,H
AU 2014,H
AT 2014,H
AZ 2014,UM
BS 2014,H
BH 2014,H
BD 2014,LM
BB 2014,H
BY 2014,UM
BE 2014,H
BZ 2014,UM
BJ 2014,L
BM 2014,H
BT 2014,LM
BO 2014,LM
BA 2014,UM
BW 2014,UM
BR 2014,UM
VG 2014,
BN 2014,H
BG 2014,UM
BF 2014,L
BI 2014,L
CV 2014,LM
KH 2014,L
CM 2014,LM
CA 2014,H
KY 2014,H
CF 2014,L
TD 2014,L
CL 2014,H
CN 2014,UM
CO 2014,UM
KM 2014,L
CD 2014,L
CG 2014,LM
CR 2014,UM
CI 2014,LM
HR 2014,H
CU 2014,UM
CW 2014,H
CY 2014,H
CZ 2014,H
DK 2014,H
DJ 2014,LM
DM 2014,UM
DO 2014,UM
EC 2014,UM
EG 2014,LM
SV 2014,LM
GQ 2014,H
ER 2014,L
EE 2014,H
SZ 2014,LM
ET 2014,L
FO 2014,H
FJ 2014,UM
FI 2014,H
FR 2014,H
PF 2014,H
GA 2014,UM
GM 2014,L
GE 2014,LM
DE 2014,H
GH 2014,LM
GI 2014,
GR 2014,H
GL 2014,H
GD 2014,UM
GU 2014,H
GT 2014,LM
GN 2014,L
GW 2014,L
GY 2014,LM
HT 2014,L
HN 2014,LM
HK 2014,H
HU 2014,H
IS 2014,H
IN 2014,LM
ID 2014,LM
IR 2014,UM
IQ 2014,UM
IE 2014,H
IM 2014,H
IL 2014,H
IT 2014,H
JM 2014,UM
JP 2014,H
JO 2014,UM
KZ 2014,UM
KE 2014,LM
KI 2014,LM
KP 2014,L
KR 2014,H
XK 2014,LM
KW 2014,H
KG 2014,LM
LA 2014,LM
LV 2014,H
LB 2014,UM
LS 2014,LM
LR 2014,L
LY 2014,UM
LI 2014,H
LT 2014,H
LU 2014,H
MO 2014,H
MG 2014,L
MW 2014,L
MY 2014,UM
MV 2014,UM
ML 2014,L
MT 2014,H
MH 2014,UM
MR 2014,LM
MU 2014,UM
MX 2014,UM
FM 2014,LM
MD 2014,LM
MC 2014,H
MN 2014,UM
ME 2014,UM
MA 2014,LM
MZ 2014,L
MM 2014,LM
NA 2014,UM
NR 2014,
NP 2014,L
NL 2014,H
NC 2014,H
NZ 2014,H
NI 2014,LM
NE 2014,L
NG 2014,LM
MK 2014,UM
MP 2014,H
NO 2014,H
OM 2014,H
PK 2014,LM
PW 2014,UM
PA 2014,UM
PG 2014,LM
PY 2014,UM
PE 2014,UM
PH 2014,LM
PL 2014,H
PT 2014,H
PR 2014,H
QA 2014,H
RO 2014,UM
RU 2014,H
RW 2014,L
WS 2014,LM
SM 2014,H
ST 2014,LM
SA 2014,H
SN 2014,LM
RS 2014,UM
SC 2014,H
SL 2014,L
SG 2014,H
SX 2014,H
SK 2014,H
SI 2014,H
SB 2014,LM
SO 2014,L
ZA 2014,UM
SS 2014,L
ES 2014,H
LK 2014,LM
KN 2014,H
LC 2014,UM
MF 2014,H
VC 2014,UM
SD 2014,LM
SR 2014,UM
SE 2014,H
CH 2014,H
SY 2014,LM
TW 2014,H
TJ 2014,LM
TZ 2014,L
TH 2014,UM
TL 2014,LM
TG 2014,L
TO 2014,UM
TT 2014,H
TN 2014,UM
TR 2014,UM
TM 2014,UM
TC 2014,H
TV 2014,UM
UG 2014,L
UA 2014,LM
AE 2014,H
GB 2014,H
US 2014,H
UY 2014,H
UZ 2014,LM
VU 2014,LM
VE 2014,H
VN 2014,LM
VI 2014,H
PS 2014,LM
YE 2014,LM
ZM 2014,LM
ZW 2014,L
AF 2015,L
AL 2015,UM
DZ 2015,UM
AS 2015,UM
AD 2015,H
AO 2015,UM
AG 2015,H
AR 2015,UM
AM 2015,LM
AW 2015,H
AU 2015,H
AT 2015,H
AZ 2015,UM
BS 2015,H
BH 2015,H
BD 2015,LM
BB 2015,H
BY 2015,UM
BE 2015,H
BZ 2015,UM
BJ 2015,L
BM 2015,H
BT 2015,LM
BO 2015,LM
BA 2015,UM
BW 2015,UM
BR 2015,UM
VG 2015,H
BN 2015,H
BG 2015,UM
BF 2015,L
BI 2015,L
CV 2015,LM
KH 2015,LM
CM 2015,LM
CA 2015,H
KY 2015,H
CF 2015,L
TD 2015,L
CL 2015,H
CN 2015,UM
CO 2015,UM
KM 2015,L
CD 2015,L
CG 2015,LM
CR 2015,UM
CI 2015,LM
HR 2015,H
CU 2015,UM
CW 2015,H
CY 2015,H
CZ 2015,H
DK 2015,H
DJ 2015,LM
DM 2015,UM
DO 2015,UM
EC 2015,UM
EG 2015,LM
SV 2015,LM
GQ 2015,UM
ER 2015,L
EE 2015,H
SZ 2015,LM
ET 2015,L
FO 2015,H
FJ 2015,UM
FI 2015,H
FR 2015,H
PF 2015,H
GA 2015,UM
GM 2015,L
GE 2015,UM
DE 2015,H
GH 2015,LM
GI 2015,H
GR 2015,H
GL 2015,H
GD 2015,UM
GU 2015,H
GT 2015,LM
GN 2015,L
GW 2015,L
GY 2015,UM
HT 2015,L
HN 2015,LM
HK 2015,H
HU 2015,H
IS 2015,H
IN 2015,LM
ID 2015,LM
IR 2015,UM
IQ 2015,UM
IE 2015,H
IM 2015,H
IL 2015,H
IT 2015,H
JM 2015,UM
JP 2015,H
JO 2015,UM
KZ 2015,UM
KE 2015,LM
KI 2015,LM
KP 2015,L
KR 2015,H
XK 2015,LM
KW 2015,H
KG 2015,LM
LA 2015,LM
LV 2015,H
LB 2015,UM
LS 2015,LM
LR 2015,L
LY 2015,UM
LI 2015,H
LT 2015,H
LU 2015,H
MO 2015,H
MG 2015,L
MW 2015,L
MY 2015,UM
MV 2015,UM
ML 2015,L
MT 2015,H
MH 2015,UM
MR 2015,LM
MU 2015,UM
MX 2015,UM
FM 2015,LM
MD 2015,LM
MC 2015,H
MN 2015,LM
ME 2015,UM
MA 2015,LM
MZ 2015,L
MM 2015,LM
NA 2015,UM
NR 2015,H
NP 2015,L
NL 2015,H
NC 2015,H
NZ 2015,H
NI 2015,LM
NE 2015,L
NG 2015,LM
MK 2015,UM
MP 2015,H
NO 2015,H
OM 2015,H
PK 2015,LM
PW 2015,UM
PA 2015,UM
PG 2015,LM
PY 2015,UM
PE 2015,UM
PH 2015,LM
PL 2015,H
PT 2015,H
PR 2015,H
QA 2015,H
RO 2015,UM
RU 2015,UM
RW 2015,L
WS 2015,LM
SM 2015,H
ST 2015,LM
SA 2015,H
SN 2015,L
RS 2015,UM
SC 2015,H
SL 2015,L
SG 2015,H
SX 2015,H
SK 2015,H
SI 2015,H
SB 2015,LM
SO 2015,L
ZA 2015,UM
SS 2015,L
ES 2015,H
LK 2015,LM
KN 2015,H
LC 2015,UM
MF 2015,H
VC 2015,UM
SD 2015,LM
SR 2015,UM
SE 2015,H
CH 2015,H
SY 2015,LM
TW 2015,H
TJ 2015,LM
TZ 2015,L
TH 2015,UM
TL 2015,LM
TG 2015,L
TO 2015,LM
TT 2015,H
TN 2015,LM
TR 2015,UM
TM 2015,UM
TC 2015,H
TV 2015,UM
UG 2015,L
UA 2015,LM
AE 2015,H
GB 2015,H
US 2015,H
UY 2015,H
UZ 2015,LM
VU 2015,LM
VE 2015,UM
VN 2015,LM
VI 2015,H
PS 2015,LM
YE 2015,LM
ZM 2015,LM
ZW 2015,L
AF 2016,L
AL 2016,UM
DZ 2016,UM
AS 2016,UM
AD 2016,H
AO 2016,LM
AG 2016,H
AR 2016,UM
AM 2016,LM
AW 2016,H
AU 2016,H
AT 2016,H
AZ 2016,UM
BS 2016,H
BH 2016,H
BD 2016,LM
BB 2016,H
BY 2016,UM
BE 2016,H
BZ 2016,UM
BJ 2016,L
BM 2016,H
BT 2016,LM
BO 2016,LM
BA 2016,UM
BW 2016,UM
BR 2016,UM
VG 2016,H
BN 2016,H
BG 2016,UM
BF 2016,L
BI 2016,L
CV 2016,LM
KH 2016,LM
CM 2016,LM
CA 2016,H
KY 2016,H
CF 2016,L
TD 2016,L
CL 2016,H
CN 2016,UM
CO 2016,UM
KM 2016,L
CD 2016,L
CG 2016,LM
CR 2016,UM
CI 2016,LM
HR 2016,UM
CU 2016,UM
CW 2016,H
CY 2016,H
CZ 2016,H
DK 2016,H
DJ 2016,LM
DM 2016,UM
DO 2016,UM
EC 2016,UM
EG 2016,LM
SV 2016,LM
GQ 2016,UM
ER 2016,L
EE 2016,H
SZ 2016,LM
ET 2016,L
FO 2016,H
FJ 2016,UM
FI 2016,H
FR 2016,H
PF 2016,H
GA 2016,UM
GM 2016,L
GE 2016,LM
DE 2016,H
GH 2016,LM
GI 2016,H
GR 2016,H
GL 2016,H
GD 2016,UM
GU 2016,H
GT 2016,LM
GN 2016,L
GW 2016,L
GY 2016,UM
HT 2016,L
HN 2016,LM
HK 2016,H
HU 2016,H
IS 2016,H
IN 2016,LM
ID 2016,LM
IR 2016,UM
IQ 2016,UM
IE 2016,H
IM 2016,H
IL 2016,H
IT 2016,H
JM 2016,UM
JP 2016,H
JO 2016,LM
KZ 2016,UM
KE 2016,LM
KI 2016,LM
KP 2016,L
KR 2016,H
XK 2016,LM
KW 2016,H
KG 2016,LM
LA 2016,LM
LV 2016,H
LB 2016,UM
LS 2016,LM
LR 2016,L
LY 2016,UM
LI 2016,H
LT 2016,H
LU 2016,H
MO 2016,H
MG 2016,L
MW 2016,L
MY 2016,UM
MV 2016,UM
ML 2016,L
MT 2016,H
MH 2016,UM
MR 2016,LM
MU 2016,UM
MX 2016,UM
FM 2016,LM
MD 2016,LM
MC 2016,H
MN 2016,LM
ME 2016,UM
MA 2016,LM
MZ 2016,L
MM 2016,LM
NA 2016,UM
NR 2016,UM
NP 2016,L
NL 2016,H
NC 2016,H
NZ 2016,H
NI 2016,LM
NE 2016,L
NG 2016,LM
MK 2016,UM
MP 2016,H
NO 2016,H
OM 2016,H
PK 2016,LM
PW 2016,H
PA 2016,UM
PG 2016,LM
PY 2016,UM
PE 2016,UM
PH 2016,LM
PL 2016,H
PT 2016,H
PR 2016,H
QA 2016,H
RO 2016,UM
RU 2016,UM
RW 2016,L
WS 2016,UM
SM 2016,H
ST 2016,LM
SA 2016,H
SN 2016,L
RS 2016,UM
SC 2016,H
SL 2016,L
SG 2016,H
SX 2016,H
SK 2016,H
SI 2016,H
SB 2016,LM
SO 2016,L
ZA 2016,UM
SS 2016,L
ES 2016,H
LK 2016,LM
KN 2016,H
LC 2016,UM
MF 2016,H
VC 2016,UM
SD 2016,LM
SR 2016,UM
SE 2016,H
CH 2016,H
SY 2016,LM
TW 2016,H
TJ 2016,LM
TZ 2016,L
TH 2016,UM
TL 2016,LM
TG 2016,L
TO 2016,UM
TT 2016,H
TN 2016,LM
TR 2016,UM
TM 2016,UM
TC 2016,H
TV 2016,UM
UG 2016,L
UA 2016,LM
AE 2016,H
GB 2016,H
US 2016,H
UY 2016,H
UZ 2016,LM
VU 2016,LM
VE 2016,UM
VN 2016,LM
VI 2016,H
PS 2016,LM
YE 2016,LM
ZM 2016,LM
ZW 2016,L
AF 2017,L
AL 2017,UM
DZ 2017,UM
AS 2017,UM
AD 2017,H
AO 2017,LM
AG 2017,H
AR 2017,H
AM 2017,UM
AW 2017,H
AU 2017,H
AT 2017,H
AZ 2017,UM
BS 2017,H
BH 2017,H
BD 2017,LM
BB 2017,H
BY 2017,UM
BE 2017,H
BZ 2017,UM
BJ 2017,L
BM 2017,H
BT 2017,LM
BO 2017,LM
BA 2017,UM
BW 2017,UM
BR 2017,UM
VG 2017,H
BN 2017,H
BG 2017,UM
BF 2017,L
BI 2017,L
CV 2017,LM
KH 2017,LM
CM 2017,LM
CA 2017,H
KY 2017,H
CF 2017,L
TD 2017,L
CL 2017,H
CN 2017,UM
CO 2017,UM
KM 2017,L
CD 2017,L
CG 2017,LM
CR 2017,UM
CI 2017,LM
HR 2017,H
CU 2017,UM
CW 2017,H
CY 2017,H
CZ 2017,H
DK 2017,H
DJ 2017,LM
DM 2017,UM
DO 2017,UM
EC 2017,UM
EG 2017,LM
SV 2017,LM
GQ 2017,UM
ER 2017,L
EE 2017,H
SZ 2017,LM
ET 2017,L
FO 2017,H
FJ 2017,UM
FI 2017,H
FR 2017,H
PF 2017,H
GA 2017,UM
GM 2017,L
GE 2017,LM
DE 2017,H
GH 2017,LM
GI 2017,H
GR 2017,H
GL 2017,H
GD 2017,UM
GU 2017,H
GT 2017,UM
GN 2017,L
GW 2017,L
GY 2017,UM
HT 2017,L
HN 2017,LM
HK 2017,H
HU 2017,H
IS 2017,H
IN 2017,LM
ID 2017,LM
IR 2017,UM
IQ 2017,UM
IE 2017,H
IM 2017,H
IL 2017,H
IT 2017,H
JM 2017,UM
JP 2017,H
JO 2017,UM
KZ 2017,UM
KE 2017,LM
KI 2017,LM
KP 2017,L
KR 2017,H
XK 2017,LM
KW 2017,H
KG 2017,LM
LA 2017,LM
LV 2017,H
LB 2017,UM
LS 2017,LM
LR 2017,L
LY 2017,UM
LI 2017,H
LT 2017,H
LU 2017,H
MO 2017,H
MG 2017,L
MW 2017,L
MY 2017,UM
MV 2017,UM
ML 2017,L
MT 2017,H
MH 2017,UM
MR 2017,LM
MU 2017,UM
MX 2017,UM
FM 2017,LM
MD 2017,LM
MC 2017,H
MN 2017,LM
ME 2017,UM
MA 2017,LM
MZ 2017,L
MM 2017,LM
NA 2017,UM
NR 2017,UM
NP 2017,L
NL 2017,H
NC 2017,H
NZ 2017,H
NI 2017,LM
NE 2017,L
NG 2017,LM
MK 2017,UM
MP 2017,H
NO 2017,H
OM 2017,H
PK 2017,LM
PW 2017,H
PA 2017,H
PG 2017,LM
PY 2017,UM
PE 2017,UM
PH 2017,LM
PL 2017,H
PT 2017,H
PR 2017,H
QA 2017,H
RO 2017,UM
RU 2017,UM
RW 2017,L
WS 2017,UM
SM 2017,H
ST 2017,LM
SA 2017,H
SN 2017,L
RS 2017,UM
SC 2017,H
SL 2017,L
SG 2017,H
SX 2017,H
SK 2017,H
SI 2017,H
SB 2017,LM
SO 2017,L
ZA 2017,UM
SS 2017,L
ES 2017,H
LK 2017,LM
KN 2017,H
LC 2017,UM
MF 2017,H
VC 2017,UM
SD 2017,LM
SR 2017,UM
SE 2017,H
CH 2017,H
SY 2017,L
TW 2017,H
TJ 2017,L
TZ 2017,L
TH 2017,UM
TL 2017,LM
TG 2017,L
TO 2017,UM
TT 2017,H
TN 2017,LM
TR 2017,UM
TM 2017,UM
TC 2017,H
TV 2017,UM
UG 2017,L
UA 2017,LM
AE 2017,H
GB 2017,H
US 2017,H
UY 2017,H
UZ 2017,LM
VU 2017,LM
VE 2017,UM
VN 2017,LM
VI 2017,H
PS 2017,LM
YE 2017,L
ZM 2017,LM
ZW 2017,L
AF 2018,L
AL 2018,UM
DZ 2018,UM
AS 2018,UM
AD 2018,H
AO 2018,LM
AG 2018,H
AR 2018,UM
AM 2018,UM
AW 2018,H
AU 2018,H
AT 2018,H
AZ 2018,UM
BS 2018,H
BH 2018,H
BD 2018,LM
BB 2018,H
BY 2018,UM
BE 2018,H
BZ 2018,UM
BJ 2018,L
BM 2018,H
BT 2018,LM
BO 2018,LM
BA 2018,UM
BW 2018,UM
BR 2018,UM
VG 2018,H
BN 2018,H
BG 2018,UM
BF 2018,L
BI 2018,L
CV 2018,LM
KH 2018,LM
CM 2018,LM
CA 2018,H
KY 2018,H
CF 2018,L
TD 2018,L
CL 2018,H
CN 2018,UM
CO 2018,UM
KM 2018,LM
CD 2018,L
CG 2018,LM
CR 2018,UM
CI 2018,LM
HR 2018,H
CU 2018,UM
CW 2018,H
CY 2018,H
CZ 2018,H
DK 2018,H
DJ 2018,LM
DM 2018,UM
DO 2018,UM
EC 2018,UM
EG 2018,LM
SV 2018,LM
GQ 2018,UM
ER 2018,L
EE 2018,H
SZ 2018,LM
ET 2018,L
FO 2018,H
FJ 2018,UM
FI 2018,H
FR 2018,H
PF 2018,H
GA 2018,UM
GM 2018,L
GE 2018,UM
DE 2018,H
GH 2018,LM
GI 2018,H
GR 2018,H
GL 2018,H
GD 2018,UM
GU 2018,H
GT 2018,UM
GN 2018,L
GW 2018,L
GY 2018,UM
HT 2018,L
HN 2018,LM
HK 2018,H
HU 2018,H
IS 2018,H
IN 2018,LM
ID 2018,LM
IR 2018,UM
IQ 2018,UM
IE 2018,H
IM 2018,H
IL 2018,H
IT 2018,H
JM 2018,UM
JP 2018,H
JO 2018,UM
KZ 2018,UM
KE 2018,LM
KI 2018,LM
KP 2018,L
KR 2018,H
XK 2018,UM
KW 2018,H
KG 2018,LM
LA 2018,LM
LV 2018,H
LB 2018,UM
LS 2018,LM
LR 2018,L
LY 2018,UM
LI 2018,H
LT 2018,H
LU 2018,H
MO 2018,H
MG 2018,L
MW 2018,L
MY 2018,UM
MV 2018,UM
ML 2018,L
MT 2018,H
MH 2018,UM
MR 2018,LM
MU 2018,UM
MX 2018,UM
FM 2018,LM
MD 2018,LM
MC 2018,H
MN 2018,LM
ME 2018,UM
MA 2018,LM
MZ 2018,L
MM 2018,LM
NA 2018,UM
NR 2018,UM
NP 2018,L
NL 2018,H
NC 2018,H
NZ 2018,H
NI 2018,LM
NE 2018,L
NG 2018,LM
MK 2018,UM
MP 2018,H
NO 2018,H
OM 2018,H
PK 2018,LM
PW 2018,H
PA 2018,H
PG 2018,LM
PY 2018,UM
PE 2018,UM
PH 2018,LM
PL 2018,H
PT 2018,H
PR 2018,H
QA 2018,H
RO 2018,UM
RU 2018,UM
RW 2018,L
WS 2018,UM
SM 2018,H
ST 2018,LM
SA 2018,H
SN 2018,LM
RS 2018,UM
SC 2018,H
SL 2018,L
SG 2018,H
SX 2018,H
SK 2018,H
SI 2018,H
SB 2018,LM
SO 2018,L
ZA 2018,UM
SS 2018,L
ES 2018,H
LK 2018,UM
KN 2018,H
LC 2018,UM
MF 2018,H
VC 2018,UM
SD 2018,LM
SR 2018,UM
SE 2018,H
CH 2018,H
SY 2018,L
TW 2018,H
TJ 2018,L
TZ 2018,L
TH 2018,UM
TL 2018,LM
TG 2018,L
TO 2018,UM
TT 2018,H
TN 2018,LM
TR 2018,UM
TM 2018,UM
TC 2018,H
TV 2018,UM
UG 2018,L
UA 2018,LM
AE 2018,H
GB 2018,H
US 2018,H
UY 2018,H
UZ 2018,LM
VU 2018,LM
VE 2018,UM
VN 2018,LM
VI 2018,H
PS 2018,LM
YE 2018,L
ZM 2018,LM
ZW 2018,LM
AF 2019,L
AL 2019,UM
DZ 2019,UM
AS 2019,UM
AD 2019,H
AO 2019,LM
AG 2019,H
AR 2019,UM
AM 2019,UM
AW 2019,H
AU 2019,H
AT 2019,H
AZ 2019,UM
BS 2019,H
BH 2019,H
BD 2019,LM
BB 2019,H
BY 2019,UM
BE 2019,H
BZ 2019,UM
BJ 2019,L
BM 2019,H
BT 2019,LM
BO 2019,LM
BA 2019,UM
BW 2019,UM
BR 2019,UM
VG 2019,H
BN 2019,H
BG 2019,UM
BF 2019,L
BI 2019,L
CV 2019,LM
KH 2019,LM
CM 2019,LM
CA 2019,H
KY 2019,H
CF 2019,L
TD 2019,L
CL 2019,H
CN 2019,UM
CO 2019,UM
KM 2019,LM
CD 2019,L
CG 2019,LM
CR 2019,UM
CI 2019,LM
HR 2019,H
CU 2019,UM
CW 2019,H
CY 2019,H
CZ 2019,H
DK 2019,H
DJ 2019,LM
DM 2019,UM
DO 2019,UM
EC 2019,UM
EG 2019,LM
SV 2019,LM
GQ 2019,UM
ER 2019,L
EE 2019,H
SZ 2019,LM
ET 2019,L
FO 2019,H
FJ 2019,UM
FI 2019,H
FR 2019,H
PF 2019,H
GA 2019,UM
GM 2019,L
GE 2019,UM
DE 2019,H
GH 2019,LM
GI 2019,H
GR 2019,H
GL 2019,H
GD 2019,UM
GU 2019,H
GT 2019,UM
GN 2019,L
GW 2019,L
GY 2019,UM
HT 2019,L
HN 2019,LM
HK 2019,H
HU 2019,H
IS 2019,H
IN 2019,LM
ID 2019,LM
IR 2019,UM
IQ 2019,UM
IE 2019,H
IM 2019,H
IL 2019,H
IT 2019,H
JM 2019,UM
JP 2019,H
JO 2019,UM
KZ 2019,UM
KE 2019,LM
KI 2019,LM
KP 2019,L
KR 2019,H
XK 2019,UM
KW 2019,H
KG 2019,LM
LA 2019,LM
LV 2019,H
LB 2019,UM
LS 2019,LM
LR 2019,L
LY 2019,UM
LI 2019,H
LT 2019,H
LU 2019,H
MO 2019,H
MG 2019,L
MW 2019,L
MY 2019,UM
MV 2019,UM
ML 2019,L
MT 2019,H
MH 2019,UM
MR 2019,LM
MU 2019,UM
MX 2019,UM
FM 2019,LM
MD 2019,LM
MC 2019,H
MN 2019,LM
ME 2019,UM
MA 2019,LM
MZ 2019,L
MM 2019,LM
NA 2019,UM
NR 2019,UM
NP 2019,L
NL 2019,H
NC 2019,H
NZ 2019,H
NI 2019,LM
NE 2019,L
NG 2019,LM
MK 2019,UM
MP 2019,H
NO 2019,H
OM 2019,H
PK 2019,LM
PW 2019,H
PA 2019,H
PG 2019,LM
PY 2019,UM
PE 2019,UM
PH 2019,LM
PL 2019,H
PT 2019,H
PR 2019,H
QA 2019,H
RO 2019,UM
RU 2019,UM
RW 2019,L
WS 2019,UM
SM 2019,H
ST 2019,LM
SA 2019,H
SN 2019,LM
RS 2019,UM
SC 2019,H
SL 2019,L
SG 2019,H
SX 2019,H
SK 2019,H
SI 2019,H
SB 2019,LM
SO 2019,L
ZA 2019,UM
SS 2019,L
ES 2019,H
LK 2019,UM
KN 2019,H
LC 2019,UM
MF 2019,H
VC 2019,UM
SD 2019,LM
SR 2019,UM
SE 2019,H
CH 2019,H
SY 2019,L
TW 2019,H
TJ 2019,L
TZ 2019,L
TH 2019,UM
TL 2019,LM
TG 2019,L
TO 2019,UM
TT 2019,H
TN 2019,LM
TR 2019,UM
TM 2019,UM
TC 2019,H
TV 2019,UM
UG 2019,L
UA 2019,LM
AE 2019,H
GB 2019,H
US 2019,H
UY 2019,H
UZ 2019,LM
VU 2019,LM
VE 2019,UM
VN 2019,LM
VI 2019,H
PS 2019,LM
YE 2019,L
ZM 2019,LM
ZW 2019,LM
AF 2020,L
AL 2020,UM
DZ 2020,UM
AS 2020,UM
AD 2020,H
AO 2020,LM
AG 2020,H
AR 2020,UM
AM 2020,UM
AW 2020,H
AU 2020,H
AT 2020,H
AZ 2020,UM
BS 2020,H
BH 2020,H
BD 2020,LM
BB 2020,H
BY 2020,UM
BE 2020,H
BZ 2020,UM
BJ 2020,L
BM 2020,H
BT 2020,LM
BO 2020,LM
BA 2020,UM
BW 2020,UM
BR 2020,UM
VG 2020,H
BN 2020,H
BG 2020,UM
BF 2020,L
BI 2020,L
CV 2020,LM
KH 2020,LM
CM 2020,LM
CA 2020,H
KY 2020,H
CF 2020,L
TD 2020,L
CL 2020,H
CN 2020,UM
CO 2020,UM
KM 2020,LM
CD 2020,L
CG 2020,LM
CR 2020,UM
CI 2020,LM
HR 2020,H
CU 2020,UM
CW 2020,H
CY 2020,H
CZ 2020,H
DK 2020,H
DJ 2020,LM
DM 2020,UM
DO 2020,UM
EC 2020,UM
EG 2020,LM
SV 2020,LM
GQ 2020,UM
ER 2020,L
EE 2020,H
SZ 2020,LM
ET 2020,L
FO 2020,H
FJ 2020,UM
FI 2020,H
FR 2020,H
PF 2020,H
GA 2020,UM
GM 2020,L
GE 2020,UM
DE 2020,H
GH 2020,LM
GI 2020,H
GR 2020,H
GL 2020,H
GD 2020,UM
GU 2020,H
GT 2020,UM
GN 2020,L
GW 2020,L
GY 2020,UM
HT 2020,L
HN 2020,LM
HK 2020,H
HU 2020,H
IS 2020,H
IN 2020,LM
ID 2020,LM
IR 2020,UM
IQ 2020,UM
IE 2020,H
IM 2020,H
IL 2020,H
IT 2020,H
JM 2020,UM
JP 2020,H
JO 2020,UM
KZ 2020,UM
KE 2020,LM
KI 2020,LM
KP 2020,L
KR 2020,H
XK 2020,UM
KW 2020,H
KG 2020,LM
LA 2020,LM
LV 2020,H
LB 2020,UM
LS 2020,LM
LR 2020,L
LY 2020,UM
LI 2020,H
LT 2020,H
LU 2020,H
MO 2020,H
MG 2020,L
MW 2020,L
MY 2020,UM
MV 2020,UM
ML 2020,L
MT 2020,H
MH 2020,UM
MR 2020,LM
MU 2020,UM
MX 2020,UM
FM 2020,LM
MD 2020,LM
MC 2020,H
MN 2020,LM
ME 2020,UM
MA 2020,LM
MZ 2020,L
MM 2020,LM
NA 2020,UM
NR 2020,UM
NP 2020,L
NL 2020,H
NC 2020,H
NZ 2020,H
NI 2020,LM
NE 2020,L
NG 2020,LM
MK 2020,UM
MP 2020,H
NO 2020,H
OM 2020,H
PK 2020,LM
PW 2020,H
PA 2020,H
PG 2020,LM
PY 2020,UM
PE 2020,UM
PH 2020,LM
PL 2020,H
PT 2020,H
PR 2020,H
QA 2020,H
RO 2020,UM
RU 2020,UM
RW 2020,L
WS 2020,UM
SM 2020,H
ST 2020,LM
SA 2020,H
SN 2020,LM
RS 2020,UM
SC 2020,H
SL 2020,L
SG 2020,H
SX 2020,H
SK 2020,H
SI 2020,H
SB 2020,LM
SO 2020,L
ZA 2020,UM
SS 2020,L
ES 2020,H
LK 2020,UM
KN 2020,H
LC 2020,UM
MF 2020,H
VC 2020,UM
SD 2020,LM
SR 2020,UM
SE 2020,H
CH 2020,H
SY 2020,L
TW 2020,H
TJ 2020,L
TZ 2020,L
TH 2020,UM
TL 2020,LM
TG 2020,L
TO 2020,UM
TT 2020,H
TN 2020,LM
TR 2020,UM
TM 2020,UM
TC 2020,H
TV 2020,UM
UG 2020,L
UA 2020,LM
AE 2020,H
GB 2020,H
US 2020,H
UY 2020,H
UZ 2020,LM
VU 2020,LM
VE 2020,UM
VN 2020,LM
VI 2020,H
PS 2020,LM
YE 2020,L
ZM 2020,LM
ZW 2020,LM
AF 2021,L
AL 2021,UM
DZ 2021,UM
AS 2021,UM
AD 2021,H
AO 2021,LM
AG 2021,H
AR 2021,UM
AM 2021,UM
AW 2021,H
AU 2021,H
AT 2021,H
AZ 2021,UM
BS 2021,H
BH 2021,H
BD 2021,LM
BB 2021,H
BY 2021,UM
BE 2021,H
BZ 2021,UM
BJ 2021,L
BM 2021,H
BT 2021,LM
BO 2021,LM
BA 2021,UM
BW 2021,UM
BR 2021,UM
VG 2021,H
BN 2021,H
BG 2021,UM
BF 2021,L
BI 2021,L
CV 2021,LM
KH 2021,LM
CM 2021,LM
CA 2021,H
KY 2021,H
CF 2021,L
TD 2021,L
CL 2021,H
CN 2021,UM
CO 2021,UM
KM 2021,LM
CD 2021,L
CG 2021,LM
CR 2021,UM
CI 2021,LM
HR 2021,H
CU 2021,UM
CW 2021,H
CY 2021,H
CZ 2021,H
DK 2021,H
DJ 2021,LM
DM 2021,UM
DO 2021,UM
EC 2021,UM
EG 2021,LM
SV 2021,LM
GQ 2021,UM
ER 2021,L
EE 2021,H
SZ 2021,LM
ET 2021,L
FO 2021,H
FJ 2021,UM
FI 2021,H
FR 2021,H
PF 2021,H
GA 2021,UM
GM 2021,L
GE 2021,UM
DE 2021,H
GH 2021,LM
GI 2021,H
GR 2021,H
GL 2021,H
GD 2021,UM
GU 2021,H
GT 2021,UM
GN 2021,L
GW 2021,L
GY 2021,UM
HT 2021,L
HN 2021,LM
HK 2021,H
HU 2021,H
IS 2021,H
IN 2021,LM
ID 2021,LM
IR 2021,UM
IQ 2021,UM
IE 2021,H
IM 2021,H
IL 2021,H
IT 2021,H
JM 2021,UM
JP 2021,H
JO 2021,UM
KZ 2021,UM
KE 2021,LM
KI 2021,LM
KP 2021,L
KR 2021,H
XK 2021,UM
KW 2021,H
KG 2021,LM
LA 2021,LM
LV 2021,H
LB 2021,UM
LS 2021,LM
LR 2021,L
LY 2021,UM
LI 2021,H
LT 2021,H
LU 2021,H
MO 2021,H
MG 2021,L
MW 2021,L
MY 2021,UM
MV 2021,UM
ML 2021,L
MT 2021,H
MH 2021,UM
MR 2021,LM
MU 2021,UM
MX 2021,UM
FM 2021,LM
MD 2021,LM
MC 2021,H
MN 2021,LM
ME 2021,UM
MA 2021,LM
MZ 2021,L
MM 2021,LM
NA 2021,UM
NR 2021,UM
NP 2021,L
NL 2021,H
NC 2021,H
NZ 2021,H
NI 2021,LM
NE 2021,L
NG 2021,LM
MK 2021,UM
MP 2021,H
NO 2021,H
OM 2021,H
PK 2021,LM
PW 2021,H
PA 2021,H
PG 2021,LM
PY 2021,UM
PE 2021,UM
PH 2021,LM
PL 2021,H
PT 2021,H
PR 2021,H
QA 2021,H
RO 2021,UM
RU 2021,UM
RW 2021,L
WS 2021,UM
SM 2021,H
ST 2021,LM
SA 2021,H
SN 2021,LM
RS 2021,UM
SC 2021,H
SL 2021,L
SG 2021,H
SX 2021,H
SK 2021,H
SI 2021,H
SB 2021,LM
SO 2021,L
ZA 2021,UM
SS 2021,L
ES 2021,H
LK 2021,UM
KN 2021,H
LC 2021,UM
MF 2021,H
VC 2021,UM
SD 2021,LM
SR 2021,UM
SE 2021,H
CH 2021,H
SY 2021,L
TW 2021,H
TJ 2021,L
TZ 2021,L
TH 2021,UM
TL 2021,LM
TG 2021,L
TO 2021,UM
TT 2021,H
TN 2021,LM
TR 2021,UM
TM 2021,UM
TC 2021,H
TV 2021,UM
UG 2021,L
UA 2021,LM
AE 2021,H
GB 2021,H
US 2021,H
UY 2021,H
UZ 2021,LM
VU 2021,LM
VE 2021,UM
VN 2021,LM
VI 2021,H
PS 2021,LM
YE 2021,L
ZM 2021,LM
ZW 2021,LM
AF 2022,L
AL 2022,UM
DZ 2022,UM
AS 2022,UM
AD 2022,H
AO 2022,LM
AG 2022,H
AR 2022,UM
AM 2022,UM
AW 2022,H
AU 2022,H
AT 2022,H
AZ 2022,UM
BS 2022,H
BH 2022,H
BD 2022,LM
BB 2022,H
BY 2022,UM
BE 2022,H
BZ 2022,UM
BJ 2022,L
BM 2022,H
BT 2022,LM
BO 2022,LM
BA 2022,UM
BW 2022,UM
BR 2022,UM
VG 2022,H
BN 2022,H
BG 2022,UM
BF 2022,L
BI 2022,L
CV 2022,LM
KH 2022,LM
CM 2022,LM
CA 2022,H
KY 2022,H
CF 2022,L
TD 2022,L
CL 2022,H
CN 2022,UM
CO 2022,UM
KM 2022,LM
CD 2022,L
CG 2022,LM
CR 2022,UM
CI 2022,LM
HR 2022,H
CU 2022,UM
CW 2022,H
CY 2022,H
CZ 2022,H
DK 2022,H
DJ 2022,LM
DM 2022,UM
DO 2022,UM
EC 2022,UM
EG 2022,LM
SV 2022,LM
GQ 2022,UM
ER 2022,L
EE 2022,H
SZ 2022,LM
ET 2022,L
FO 2022,H
FJ 2022,UM
FI 2022,H
FR 2022,H
PF 2022,H
GA 2022,UM
GM 2022,L
GE 2022,UM
DE 2022,H
GH 2022,LM
GI 2022,H
GR 2022,H
GL 2022,H
GD 2022,UM
GU 2022,H
GT 2022,UM
GN 2022,L
GW 2022,L
GY 2022,UM
HT 2022,L
HN 2022,LM
HK 2022,H
HU 2022,H
IS 2022,H
IN 2022,LM
ID 2022,LM
IR 2022,UM
IQ 2022,UM
IE 2022,H
IM 2022,H
IL 2022,H
IT 2022,H
JM 2022,UM
JP 2022,H
JO 2022,UM
KZ 2022,UM
KE 2022,LM
KI 2022,LM
KP 2022,L
KR 2022,H
XK 2022,UM
KW 2022,H
KG 2022,LM
LA 2022,LM
LV 2022,H
LB 2022,UM
LS 2022,LM
LR 2022,L
LY 2022,UM
LI 2022,H
LT 2022,H
LU 2022,H
MO 2022,H
MG 2022,L
MW 2022,L
MY 2022,UM
MV 2022,UM
ML 2022,L
MT 2022,H
MH 2022,UM
MR 2022,LM
MU 2022,UM
MX 2022,UM
FM 2022,LM
MD 2022,LM
MC 2022,H
MN 2022,LM
ME 2022,UM
MA 2022,LM
MZ 2022,L
MM 2022,LM
NA 2022,UM
NR 2022,UM
NP 2022,L
NL 2022,H
NC 2022,H
NZ 2022,H
NI 2022,LM
NE 2022,L
NG 2022,LM
MK 2022,UM
MP 2022,H
NO 2022,H
OM 2022,H
PK 2022,LM
PW 2022,H
PA 2022,H
PG 2022,LM
PY 2022,UM
PE 2022,UM
PH 2022,LM
PL 2022,H
PT 2022,H
PR 2022,H
QA 2022,H
RO 2022,UM
RU 2022,UM
RW 2022,L
WS 2022,UM
SM 2022,H
ST 2022,LM
SA 2022,H
SN 2022,LM
RS 2022,UM
SC 2022,H
SL 2022,L
SG 2022,H
SX 2022,H
SK 2022,H
SI 2022,H
SB 2022,LM
SO 2022,L
ZA 2022,UM
SS 2022,L
ES 2022,H
LK 2022,UM
KN 2022,H
LC 2022,UM
MF 2022,H
VC 2022,UM
SD 2022,LM
SR 2022,UM
SE 2022,H
CH 2022,H
SY 2022,L
TW 2022,H
TJ 2022,L
TZ 2022,L
TH 2022,UM
TL 2022,LM
TG 2022,L
TO 2022,UM
TT 2022,H
TN 2022,LM
TR 2022,UM
TM 2022,UM
TC 2022,H
TV 2022,UM
UG 2022,L
UA 2022,LM
AE 2022,H
GB 2022,H
US 2022,H
UY 2022,H
UZ 2022,LM
VU 2022,LM
VE 2022,UM
VN 2022,LM
VI 2022,H
PS 2022,LM
YE 2022,L
ZM 2022,LM
ZW 2022,LM
AF 2023,L
AL 2023,UM
DZ 2023,UM
AS 2023,UM
AD 2023,H
AO 2023,LM
AG 2023,H
AR 2023,UM
AM 2023,UM
AW 2023,H
AU 2023,H
AT 2023,H
AZ 2023,UM
BS 2023,H
BH 2023,H
BD 2023,LM
BB 2023,H
BY 2023,UM
BE 2023,H
BZ 2023,UM
BJ 2023,L
BM 2023,H
BT 2023,LM
BO 2023,LM
BA 2023,UM
BW 2023,UM
BR 2023,UM
VG 2023,H
BN 2023,H
BG 2023,UM
BF 2023,L
BI 2023,L
CV 2023,LM
KH 2023,LM
CM 2023,LM
CA 2023,H
KY 2023,H
CF 2023,L
TD 2023,L
CL 2023,H
CN 2023,UM
CO 2023,UM
KM 2023,LM
CD 2023,L
CG 2023,LM
CR 2023,UM
CI 2023,LM
HR 2023,H
CU 2023,UM
CW 2023,H
CY 2023,H
CZ 2023,H
DK 2023,H
DJ 2023,LM
DM 2023,UM
DO 2023,UM
EC 2023,UM
EG 2023,LM
SV 2023,LM
GQ 2023,UM
ER 2023,L
EE 2023,H
SZ 2023,LM
ET 2023,L
FO 2023,H
FJ 2023,UM
FI 2023,H
FR 2023,H
PF 2023,H
GA 2023,UM
GM 2023,L
GE 2023,UM
DE 2023,H
GH 2023,LM
GI 2023,H
GR 2023,H
GL 2023,H
GD 2023,UM
GU 2023,H
GT 2023,UM
GN 2023,L
GW 2023,L
GY 2023,UM
HT 2023,L
HN 2023,LM
HK 2023,H
HU 2023,H
IS 2023,H
IN 2023,LM
ID 2023,LM
IR 2023,UM
IQ 2023,UM
IE 2023,H
IM 2023,H
IL 2023,H
IT 2023,H
JM 2023,UM
JP 2023,H
JO 2023,UM
KZ 2023,UM
KE 2023,LM
KI 2023,LM
KP 2023,L
KR 2023,H
XK 2023,UM
KW 2023,H
KG 2023,LM
LA 2023,LM
LV 2023,H
LB 2023,UM
LS 2023,LM
LR 2023,L
LY 2023,UM
LI 2023,H
LT 2023,H
LU 2023,H
MO 2023,H
MG 2023,L
MW 2023,L
MY 2023,UM
MV 2023,UM
ML 2023,L
MT 2023,H
MH 2023,UM
MR 2023,LM
MU 2023,UM
MX 2023,UM
FM 2023,LM
MD 2023,LM
MC 2023,H
MN 2023,LM
ME 2023,UM
MA 2023,LM
MZ 2023,L
MM 2023,LM
NA 2023,UM
NR 2023,UM
NP 2023,L
NL 2023,H
NC 2023,H
NZ 2023,H
NI 2023,LM
NE 2023,L
NG 2023,LM
MK 2023,UM
MP 2023,H
NO 2023,H
OM 2023,H
PK 2023,LM
PW 2023,H
PA 2023,H
PG 2023,LM
PY 2023,UM
PE 2023,UM
PH 2023,LM
PL 2023,H
PT 2023,H
PR 2023,H
QA 2023,H
RO 2023,UM
RU 2023,UM
RW 2023,L
WS 2023,UM
SM 2023,H
ST 2023,LM
SA 2023,H
SN 2023,LM
RS 2023,UM
SC 2023,H
SL 2023,L
SG 2023,H
SX 2023,H
SK 2023,H
SI 2023,H
SB 2023,LM
SO 2023,L
ZA 2023,UM
SS 2023,L
ES 2023,H
LK 2023,UM
KN 2023,H
LC 2023,UM
MF 2023,H
VC 2023,UM
SD 2023,LM
SR 2023,UM
SE 2023,H
CH 2023,H
SY 2023,L
TW 2023,H
TJ 2023,L
TZ 2023,L
TH 2023,UM
TL 2023,LM
TG 2023,L
TO 2023,UM
TT 2023,H
TN 2023,LM
TR 2023,UM
TM 2023,UM
TC 2023,H
TV 2023,UM
UG 2023,L
UA 2023,LM
AE 2023,H
GB 2023,H
US 2023,H
UY 2023,H
UZ 2023,LM
VU 2023,LM
VE 2023,UM
VN 2023,LM
VI 2023,H
PS 2023,LM
YE 2023,L
ZM 2023,LM
ZW 2023,LM
AF 2024,L
AL 2024,UM
DZ 2024,UM
AS 2024,UM
AD 2024,H
AO 2024,LM
AG 2024,H
AR 2024,UM
AM 2024,UM
AW 2024,H
AU 2024,H
AT 2024,H
AZ 2024,UM
BS 2024,H
BH 2024,H
BD 2024,LM
BB 2024,H
BY 2024,UM
BE 2024,H
BZ 2024,UM
BJ 2024,L
BM 2024,H
BT 2024,LM
BO 2024,LM
BA 2024,UM
BW 2024,UM
BR 2024,UM
VG 2024,H
BN 2024,H
BG 2024,UM
BF 2024,L
BI 2024,L
CV 2024,LM
KH 2024,LM
CM 2024,LM
CA 2024,H
KY 2024,H
CF 2024,L
TD 2024,L
CL 2024,H
CN 2024,UM
CO 2024,UM
KM 2024,LM
CD 2024,L
CG 2024,LM
CR 2024,UM
CI 2024,LM
HR 2024,H
CU 2024,UM
CW 2024,H
CY 2024,H
CZ 2024,H
DK 2024,H
DJ 2024,LM
DM 2024,UM
DO 2024,UM
EC 2024,UM
EG 2024,LM
SV 2024,LM
GQ 2024,UM
ER 2024,L
EE 2024,H
SZ 2024,LM
ET 2024,L
FO 2024,H
FJ 2024,UM
FI 2024,H
FR 2024,H
PF 2024,H
GA 2024,UM
GM 2024,L
GE 2024,UM
DE 2024,H
GH 2024,LM
GI 2024,H
GR 2024,H
GL 2024,H
GD 2024,UM
GU 2024,H
GT 2024,UM
GN 2024,L
GW 2024,L
GY 2024,UM
HT 2024,L
HN 2024,LM
HK 2024,H
HU 2024,H
IS 2024,H
IN 2024,LM
ID 2024,LM
IR 2024,UM
IQ 2024,UM
IE 2024,H
IM 2024,H
IL 2024,H
IT 2024,H
JM 2024,UM
JP 2024,H
JO 2024,UM
KZ 2024,UM
KE 2024,LM
KI 2024,LM
KP 2024,L
KR 2024,H
XK 2024,UM
KW 2024,H
KG 2024,LM
LA 2024,LM
LV 2024,H
LB 2024,UM
LS 2024,LM
LR 2024,L
LY 2024,UM
LI 2024,H
LT 2024,H
LU 2024,H
MO 2024,H
MG 2024,L
MW 2024,L
MY 2024,UM
MV 2024,UM
ML 2024,L
MT 2024,H
MH 2024,UM
MR 2024,LM
MU 2024,UM
MX 2024,UM
FM 2024,LM
MD 2024,LM
MC 2024,H
MN 2024,LM
ME 2024,UM
MA 2024,LM
MZ 2024,L
MM 2024,LM
NA 2024,UM
NR 2024,UM
NP 2024,L
NL 2024,H
NC 2024,H
NZ 2024,H
NI 2024,LM
NE 2024,L
NG 2024,LM
MK 2024,UM
MP 2024,H
NO 2024,H
OM 2024,H
PK 2024,LM
PW 2024,H
PA 2024,H
PG 2024,LM
PY 2024,UM
PE 2024,UM
PH 2024,LM
PL 2024,H
PT 2024,H
PR 2024,H
QA 2024,H
RO 2024,UM
RU 2024,UM
RW 2024,L
WS 2024,UM
SM 2024,H
ST 2024,LM
SA 2024,H
SN 2024,LM
RS 2024,UM
SC 2024,H
SL 2024,L
SG 2024,H
SX 2024,H
SK 2024,H
SI 2024,H
SB 2024,LM
SO 2024,L
ZA 2024,UM
SS 2024,L
ES 2024,H
LK 2024,UM
KN 2024,H
LC 2024,UM
MF 2024,H
VC 2024,UM
SD 2024,LM
SR 2024,UM
SE 2024,H
CH 2024,H
SY 2024,L
TW 2024,H
TJ 2024,L
TZ 2024,L
TH 2024,UM
TL 2024,LM
TG 2024,L
TO 2024,UM
TT 2024,H
TN 2024,LM
TR 2024,UM
TM 2024,UM
TC 2024,H
TV 2024,UM
UG 2024,L
UA 2024,LM
AE 2024,H
GB 2024,H
US 2024,H
UY 2024,H
UZ 2024,LM
VU 2024,LM
VE 2024,UM
VN 2024,LM
VI 2024,H
PS 2024,LM
YE 2024,L
ZM 2024,LM
ZW 2024,LM
