Donor,codename
Sweden,DAC governments
Norway,DAC governments
Food & Agriculture Organization of the United Nations,UN Multi
Netherlands,DAC governments
South Sudan Humanitarian Fund,CBPF
Finland,DAC governments
United States of America,DAC governments
India,NDD
Denmark,DAC governments
Japan,DAC governments
African Union,Other multi
Switzerland,DAC governments
Saudi Arabia (Kingdom of),NDD
European Commission's Humanitarian Aid and Civil Protection Department,EC
Private (individuals & organizations),private individual organisations
Brazil,NDD
Australia,DAC governments
Iraq Humanitarian Fund,CBPF
Austria,DAC governments
Belgium,DAC governments
International Organization for Migration,Other multi
International Fund for Agricultural Development,UN Multi
United Kingdom,DAC governments
Italy,DAC governments
Trust Fund for Human Security,UN Multi
Germany,DAC governments
Poland,DAC governments
World Food Programme,UN Multi
Estonia,NDD
Romania,NDD
ACT Alliance / Interchurch Organisation for Development Co-operation,NGOs
Luxembourg,DAC governments
US Fund for UNICEF,NGOs
Ireland,DAC governments
UN Peacebuilding Fund,UN Multi
European Commission,EC
International Federation of Red Cross and Red Crescent Societies,red cross
China,NDD
Indonesia,NDD
South Africa,NDD
Cuba,NDD
France,DAC governments
United Nations Development Programme,UN Multi
Central Emergency Response Fund,CERF
Sudan Humanitarian Fund,CBPF
Canada,DAC governments
Organisation of the Islamic Conference,Other multi
"Global Fund to Fight AIDS, Tuberculosis and Malaria",Other pooled
Oman,NDD
Russian Federation,NDD
Spain,DAC governments
United Nations High Commissioner for Refugees,UN Multi
Cote d'Ivoire,NDD
occupied Palestinian territory Humanitarian Fund,CBPF
Syrian Arab Republic Humanitarian Fund,CBPF
Lebanon Humanitarian Fund,CBPF
"Korea, Republic of",DAC governments
UNICEF National Committee/Hellenic,UN Multi
UNICEF National Committee/Belgium,UN Multi
UNICEF National Committee/Italy,UN Multi
United Nations Children's Fund,UN Multi
Democratic Republic of the Congo Humanitarian Fund,CBPF
United Arab Emirates,NDD
UNICEF National Committee/United Kingdom,UN Multi
Czech Republic,DAC governments
United Nations Interim Force in Lebanon,UN Multi
United Nations Peacekeeping Force in Cyprus,UN Multi
Office for the Coordination of Humanitarian Affairs,UN Multi
UNICEF National Committee/France,UN Multi
UNICEF National Committee/Germany,UN Multi
OPEC Fund for International Development,Other multi
UNICEF National Committee/Spain,UN Multi
UNICEF National Committee/Slovenia,UN Multi
UNICEF National Committee/Sweden,UN Multi
UNICEF National Committee/Turkey,UN Multi
Children's Investment Fund Foundation,foundations
Central African Republic Humanitarian Fund,CBPF
Arab Gulf Programme for United Nations Development Organizations,UN Multi
Myanmar Humanitarian Fund,CBPF
Organization for Social Development Initiatives,NGOs
Pakistan,NDD
Iceland,DAC governments
Singapore,NDD
New Zealand,DAC governments
UNICEF National Committee/Australia,UN Multi
UNICEF National Committee/Hong Kong,UN Multi
UNICEF National Committee/Israel,UN Multi
Singapore Red Cross Society,red cross
Malawi,NDD
Mexico,NDD
African Development Bank,Other multi
Sri Lanka,NDD
Chile,NDD
Asian Development Bank,Other multi
Latvia,NDD
WPD,NGOs
Sovereign Military Order of Malta,NGOs
Andorra,NDD
Ukraine,NDD
Liechtenstein,NDD
Myanmar,NDD
Mongolia,NDD
Qatar,NDD
Kuwait,NDD
Turkey,NDD
Argentina,NDD
Greece,DAC governments
Thailand,NDD
Hungary,DAC governments
Uruguay,NDD
Armenia,NDD
Djibouti,NDD
Bulgaria,NDD
Ethiopia Humanitarian Fund,CBPF
Afghanistan,NDD
International Islamic Charitable Organization,NGOs
Colombia Humanitarian Fund,CBPF
Aga Khan Development Network,NGOs
Bill and Melinda Gates Foundation,foundations
Global Partners,other
"United Nations Educational, Scientific and Cultural Organization",UN Multi
Médecins sans Frontières,NGOs
Montenegro,NDD
OXFAM GB,NGOs
Save the Children,NGOs
Moldova,NDD
UNICEF National Committee/Switzerland,UN Multi
Association of Southeast Asian Nations,Other multi
Republic of Korea National Red Cross,red cross
Afghanistan ERF (until 2014),CBPF
FOCUS International,NGOs
"Congo, Democratic Republic of the ERF (until 2013)",CBPF
Haiti Humanitarian Fund,CBPF
Pakistan Humanitarian Fund,CBPF
Malta,NDD
Indonesia ERF (until 2014),CBPF
Kenya ERF (until 2014),CBPF
Yemen Humanitarian Fund,CBPF
Zimbabwe ERF (until 2014),CBPF
Colombia,NDD
UN Foundation,foundations
United Nations Mine Action Service,UN Multi
Philippines,NDD
Faeroe Islands,NDD
Brunei Darussalam,NDD
Triangle Génération Humanitaire,NGOs
OCHA NGO Funds,NGOs
Cyprus,NDD
UNICEF National Committee/Austria,UN Multi
UNICEF National Committee/Canada,UN Multi
UNICEF National Committee/Iceland,UN Multi
UNICEF National Committee/Ireland,UN Multi
UNICEF National Committee/Korea (Republic of),UN Multi
UNICEF National Committee/New Zealand,UN Multi
UNICEF National Committee/Portugal,UN Multi
UNICEF National Committee/Slovakia,UN Multi
Azerbaijan,NDD
UN Programme on HIV/AIDS,UN Multi
Somalia Humanitarian Fund,CBPF
Slovakia,DAC governments
Slovenia,DAC governments
Lithuania,NDD
American Friends of UNRWA,UN Multi
Monaco,NDD
United Nations Assistance Mission in Iraq,UN Multi
UNICEF National Committee/Luxembourg,UN Multi
Salvation Army,NGOs
Caritas New Zealand,NGOs
Jordan Humanitarian Fund,CBPF
Zimbabwe,NDD
Croatia,NDD
Israel,NDD
UNICEF National Committee/Japan,UN Multi
UNICEF National Committee/Netherlands,UN Multi
San Marino,NDD
United Nations Population Fund,UN Multi
European Commission EuropeAid Development and Cooperation,EC
Pan-American Health Organization (World Health Organization),UN Multi
United Nations Joint Programme on HIV/AIDS,UN Multi
Movitel,private sector corporations
Botswana,NDD
Egypt,NDD
Lao (People's Democratic Republic),NDD
Private Agencies Collaborating Together,NGOs
World Health Organization,UN Multi
Georgia,NDD
UNICEF National Committee/Norway,UN Multi
United Nations Humanitarian Air Service,UN Multi
Malaysia,NDD
Austrian Red Cross,red cross
British Red Cross,red cross
Swiss Red Cross,red cross
Canadian Red Cross Society,red cross
Swedish Red Cross,red cross
Cyprus Red Cross,red cross
Kuwait Red Crescent Society,red cross
Libya Red Crescent,red cross
Turkish Red Crescent Society,red cross
United Nations Economic and Social Commission for Asia and the Pacific,UN Multi
Kazakhstan,NDD
Morocco,NDD
Centers for Disease Control,DAC governments
Rotary International,NGOs
Caritas Hong kong,NGOs
United Nations Mission in Kosovo,UN Multi
UNICEF National Committee/Denmark,UN Multi
Eritrea,NDD
Holy See,NDD
Stromme Foundation,foundations
Japanese Red Cross Society,red cross
World Bank,Other multi
German Red Cross,red cross
Italian Red Cross,red cross
Les Amis du Liban,private individual organisations
New Zealand Red Cross,red cross
Red Crescent Society of the United Arab Emirates,red cross
Darfur Peace and Stability Fund,Other pooled
Caritas Switzerland,NGOs
UNRWA Spanish Committee,UN Multi
Americares,NGOs
Norwegian Red Cross,red cross
Peru,NDD
USA Friends of WFP,NGOs
Jersey Overseas Aid,other
European Commission Directorate General for Development,EC
"Gift of the Givers Foundation (Pietermaritzburg, RSA)",foundations
Mozambique,NDD
Spanish Red Cross,red cross
Tunisian Red Crescent,red cross
COFRA,foundations
Disasters Emergency Committee (UK),NGOs
Netherlands Red Cross,red cross
Saudi Arabian Red Crescent Society,red cross
Al-Islah Association,other
Al Najat Charitable Society,NGOs
Patient's Help Fund,NGOs
Shaik Abdallah Nouri Association,NGOs
International Islamic Relief Organization,NGOs
Islamic Relief Worldwide,NGOs
Arab Medical Union,NGOs
Union of Relief Organizations - Lebanon,NGOs
Mekka Association,NGOs
Danish Red Cross,red cross
Finnish Red Cross,red cross
UNICEF National Committee/Poland,UN Multi
National Commission for Lebanese Women,NDD
Qatar Red Crescent Society,red cross
UNICEF National Committee/Hungary,UN Multi
UNICEF National Committee/Finland,UN Multi
Namibia,NDD
Serbia,NDD
UNDP Administered Trust Fund,UN Multi
Republic of South Sudan,NDD
Algeria,NDD
Hellenic Red Cross,red cross
Concern Worldwide,NGOs
Elena Trevisanato Onlus Foundation,foundations
Don Bosco Mondo Prokur,NGOs
Empress Shoken Fund,private individual organisations
Museke Foundation,foundations
Butterfly Onlus Foundation,foundations
Global Thematic Partners,private individual organisations
IFRC Disaster Relief Emergency Fund,red cross
International Committee of the Red Cross,red cross
American Red Cross,red cross
Sprint Foundation,foundations
Portugal,DAC governments
Iraq,NDD
Icelandic Red Cross,red cross
Bahrain,NDD
Norwegian Refugee Council,NGOs
Solidarités International,NGOs
ACF - France,NGOs
Chaine du Bonheur,NGOs
Stichting Vluchteling,foundations
Deutsche Stiftung,foundations
Australian Red Cross,red cross
Kenya,NDD
CAN FOUNDATION,Other 
Human Appeal International (UAE),NGOs
United Nations Department of Safety and Security,UN Multi
IKEA Foundation,foundations
Organization of Petroleum Exporting Countries Fund,Other multi
Deutsche Telekom,private sector corporations
CARITAS / Catholic Relief Services,NGOs
Action by Churches Together (ACT),NGOs
Ford Foundation,foundations
Canadian Food Grains Bank,NGOs
Red Cross Society of China,red cross
Accenture,private sector corporations
Roddick Foundation,foundations
Target,private sector corporations
International Labour Organization,UN Multi
Ecuador,NDD
Sheikh Thani bin Abdullah Foundation for Humanitarian Services (RAF),NGOs
Mahvash and Jahangir Siddiqui Foundation,NGOs
General Secretariat of Awkaf,other
Kuwaiti Society for Relief,Red Cross
Oman Charitable Organisation,other
Qatar Charity,NGOs
Al ghara Charity Organization-Jordan,NGOs
UNICEF National Committee/Indonesia,UN Multi
UNICEF National Committee/Andorra,UN Multi
Baha'i International Community,NGOs
Guyana,NDD
United Nations Human Settlements Programme (UN-HABITAT),UN Multi
Community Chest Korea,NGOs
"One UN Fund, EFW",UN Multi
Mali,NDD
Trinidad and Tobago,NDD
UNICEF National Committee/Czech Republic,UN Multi
The Asfari Foundation,foundations
Education Above All Foundation,foundations
Uganda ERF (until 2010),CBPF
Specially Designated Contributions (OCHA),UN Multi
Red Cross of Viet Nam,red cross
Viet Nam,NDD
Waqf Alghanem and Othman mosques,private individual organisations
World Assembly of Muslim Youth,private individual organisations
Foundation-NL,foundations
Rural Initiatives in Sustainability and Empowerment,NGOs
Samsung Group,private sector corporations
Eli Lilly,Other 
National Basketball Association,private individual organisations
Hong Kong Special Administrative Region of the People's Republic of China,NDD
Samenwerkende Hulporganisaties,NGOs
UN Voluntary Trust Fund for Technical Cooperation,UN Multi
UPS Foundation,foundations
Central African Republic,NDD
Friends of UNFPA,NGOs
Virgin Unite,foundations
Africa Solidarity Trust Fund,Other pooled
Johnson & Johnson,private sector corporations
Swiss Academy of Development,academia/think/research
Belarus,NDD
Council of Europe Development Bank,Other multi
Soros Foundation Open Society Institute,foundations
Help Syria through the Winter Foundation,foundations
Afghanistan Humanitarian Fund,CBPF
Intel,private sector corporations
UN Trust Fund,UN Multi
Khazanah Nasional,NDD
Rockefeller Foundation,foundations
Start Fund,NGOs
Nigeria,NDD
Irish Red Cross Society,red cross
Red Crescent Society of the Islamic Republic of Iran,red cross
Deutsche Gesellschaft für Internationale Zusammenarbeit,private sector corporations
Slovenian Red Cross,red cross
Belgian Red Cross,red cross
Islamic Development Bank,Other multi
"INTERPAL, UK",NGOs
Khalifa Bin Zayed Al Nahyan Foundation,foundations
NGOs (details not yet provided),NGOs
Société Anglogold Ashanti de Guinée,private sector corporations
"Congo, Democratic Republic of",NDD
Robert Wood Johnson Foundation,foundations
Paul G. Allen,foundations
GlaxoSmithKline,private sector corporations
ExxonMobil,private sector corporations
Chilean Red Cross,red cross
Open Society Foundations,foundations
Coca-Cola Foundation,private sector corporations
Coca-Cola Company,private sector corporations
ArcelorMittal Foundation,foundations
Legatum Foundation,foundations
William and Flora Hewlett Foundation,foundations
Cigna Foundation,foundations
Hospital Corporation of America,private sector corporations
McKesson Corporation,private sector corporations
Chevron Corporation,private sector corporations
General Electric,private sector corporations
Aliko Dangote's Foundation,foundations
Tony Elumelu Foundation,foundations
"Cera Products, Inc",private sector corporations
Stavros Niarchos Foundation,foundations
Seplat Petroleum Development Company Plc,private sector corporations
National Oil Company of Liberia,private sector corporations
Liberia Petroleum Company,private sector corporations
Mercury International,private sector corporations
EcoBank,private sector corporations
Canadian Imperial Bank of Commerce,private sector corporations
Western Union Foundation,foundations
Sierra Minerals Holdings/Vimetco,private sector corporations
FedEx,private sector corporations
Shell Oil Company,private sector corporations
TOTAL,other
Ericsson,private sector corporations
Andorran Red Cross,red cross
Taiwan Red Cross Society,red cross
Kaiser Permanente,private sector corporations
Scotiabank,private sector corporations
Sun Life Financial Inc.,private sector corporations
TD Bank,private sector corporations
DuPont,private sector corporations
Egyptian Red Crescent Society,red cross
French Red Cross,red cross
Alcoa Foundation,foundations
Venezuela,NDD
Red Cross of Monaco,red cross
Bayer,private sector corporations
Thai Red Cross Society,red cross
Cisco Foundation,foundations
IBM,private sector corporations
African Rainbow Minerals,private sector corporations
VOLVO,private sector corporations
Novo Nordisk,private sector corporations
Ebola Response Multi-Partner Trust Fund,Other pooled
Procter & Gamble Inc.,private sector corporations
CARE International,NGOs
World Vision International,NGOs
United Nations,UN Multi
Novartis,private sector corporations
Swiss Solidarity,foundations
Helping Hand for Relief and Development,NGOs
Mohamed Bin Rashid Al Maktoum Humanitarian and Charity Establishment,foundations
United Nations Fund for International Partnerships,UN Multi
Citigroup,private sector corporations
IGAD Partnership Forum,other
GlobalGiving,NGOs
Intergov Authority on Development,Other multi
UN TF for Int'l Coop&Dev,Other pooled
WELLCOME TRUST,foundations
NGO Consortium,NGOs
UNICEF National Committees,UN Multi
Syria Cross-border Humanitarian Fund,CBPF
Pacific Islands Forum,Other multi
South Pacific Applied Geoscience Commission,Other multi
Taiwan International Cooperation and Development Fund,foundations
ACT Alliance / Lutheran World Federation,NGOs
NaCSA/World Bank,Other multi
ECHO DFID contribution,DAC governments
Costa Rica,NDD
Jordan Hashemite Charity Organization,NGOs
Dubai Cares (UAE),NGOs
Chad,NDD
United Nations Relief and Works Agency for Palestine Refugees in the Near East,UN Multi
UNICEF National Committee/Lithuania,UN Multi
Mauritius,NDD
Bolivia,NDD
Togo,NDD
Cameroon,NDD
Bhutan,NDD
Bangladesh,NDD
World Jewish Relief,NGOs
ASYA SAR - KYM,NGOs
Community Research and Development Organization,other
International Rescue Committee,NGOs
Peace and Development Organization,NGOs
World Vision Pakistan,NGOs
Initiative for Development and Empowerment Axis,private individual organisations
IDeA Foundation,foundations
United Nations Advance Mission in Sudan,UN Multi
European Children's Trust,NGOs
Economic Community of West African States,Other multi
UN Women,UN Multi
T. Kuroyanagi,private individual organisations
Medicor Foundation,foundations
UN Resident Coordinator's Office,UN Multi
Danish Refugee Council,NGOs
Livelihoods and Food Security Trust Fund,UN Multi
Three Millennium Development Goal Fund (3MDG),UN Multi
Iran,NDD
Antigua and Barbuda,NDD
Barbados,NDD
Saint Lucia,NDD
Saint Vincent and the Grenadines,NDD
Caribbean Development Bank,Other multi
Sudan,NDD
Rotary Club of Shanghai,NGOs
Adventist Development and Relief Agency,NGOs
OXFAM/Community Aid Abroad (OXFAM-Australia),NGOs
Office of the High Commissioner for Human Rights,UN Multi
Nepal,NDD
International Medical Corps,NGOs
Cook Islands,NDD
Fiji,NDD
Community Peace Fund,other
Jordan,NDD
United Nations Voluntary Trust Fund on Mine Action,UN Multi
UN Agencies,UN multi
Mennonite Central Committee,NGOs
United Nations Disaster Management Team,UN Multi
Uniqlo,private sector corporations
American National Committee for UNRWA,UN Multi
Nauru,NDD
Tonga,NDD
French Polynesia,NDD
Oil for Food Programme,UN Multi
UK for UNHCR,NGOs
Japan Association for UNHCR,UN Multi
Rahma International Society,NGOs
Organization for Security & Cooperation in Europe,Other multi
Fuel Relief Fund,NGOs
League of Arab States,NDD
Madagascar,NDD
Norwegian Aid Committee,private individual organisations
Niger,NDD
Allocation of unearmarked funds by MINUSMA,UN multi
American Express Company,private sector corporations
Citi,private sector corporations
Microsoft,private sector corporations
MoneyGram International,private sector corporations
New York Life Insurance Company,private sector corporations
UN Human Security Trust Fund,UN Multi
Repsol Foundation,foundations
Inter-American Development Bank,Other multi
United Nations Capital Development Fund,UN multi
Samaritan's Purse,NGOs
International Olympic Committee,Other multi
International Assistance Mission,NGOs
UN Women's Guild,UN Multi
Sierra Leone,NDD
European Commission - EU Facility for Refugees in Turkey,EC
Cargill,private sector corporations
Southern African Development Community,Other multi
Syrian Arab Popular Committee,other
Luxembourg Red Cross,red cross
Uganda,NDD
Italian National Committee for UNRWA,UN Multi
Switzerland National Committee for UNRWA,UN Multi
Secours Populaire Francais,NGOs
Eaux de Marseille (Société des),other
Médecins du Monde,NGOs
Action d'Urgence International,NGOs
Honduras,NDD
Kohl's Department Stores,private sector corporations
Latter-Day Saint Charities,private individual organisations
National Football League,private individual organisations
Walmart Foundation,foundations
Starbucks Foundation,foundations
Direct Relief,NGOs
United Nations Industrial Development Organization,UN Multi
British Virgin Islands,NDD
Dominica,NDD
Jamaica,NDD
Turks and Caicos Islands,NDD
Handicap International / Humanity & Inclusion,NGOs
Medilor,NGOs
Multi-Partner Trust Fund,UN multi
Lesotho,NDD
The Future of Global Health,other
United Nations Department of Peace-Keeping Operations,UN Multi
"Becton, Dickson and Company",private sector corporations
Mastercard Foundation,foundations
National Bank of Canada,private sector corporations
PepsiCo Foundation,foundations
EU Regional Trust Fund in Response to the Syrian Crisis (Madad Fund),EC
Allocation of unearmarked funds by UNDEF,UN multi
Papua New Guinea,NDD
DHL International,private sector corporations
Agility,private sector corporations
Ethiopia,NDD
Korean Sharing Movement,NGOs
Korean Welfare Foundation,foundations
European Commission Directorate-General External Relations,EC
"Korean Reconciliation Committee, Archdiocese of Korea",other
KADECO,NGOs
World Vision Korea,NGOs
South-North Sharing Campaign for Peace and Reunification,NGOs
Council of Governors - Rotary Korea,other
One Korea Buddhist Movement,NGOs
Okedongmu Children in Korea,NGOs
Eugene Bell Foundation,foundations
Forest for Peace,NGOs
Good Neighbours Inc,NGOs
JTS-Korea,private sector corporations
Catholic Agency for Overseas Development,NGOs
Medical Aids for Children of DPRK,other
Jungbu Annual Conference of the KMC,other
Lions Clubs International Foundation,foundations
Seobu Annual Conference of the KMC,other
Oak Foundation,foundations
John S. and James L. Knight Foundation,foundations
John D. and Catherine T. MacArthur Foundation,foundations
United Nations Mission of Support in East Timor,UN Multi
Terre des Hommes International,NGOs
Plan International,NGOs
Water Missions International,NGOs
Catholic Relief Services,NGOs
Dutch Postcode Lottery,other
UN Action Against Sexual Violence in Conflict,UN Multi
Action Contre la Faim,NGOs
Arbeiter-Samariter-Bund Deutschland e.V,NGOs
Yemen,NDD
United Nations Office for Project Services,UN Multi
MIRC Corporate,private sector corporations
KFW Development,DAC governments
ACF - Spain,NGOs
Paraguay,NDD
Uganda Red Cross Society,red cross
Tanzania Red Cross National Society,red cross
ACT Alliance / DanChurchAid,NGOs
Seychelles Red Cross Society,red cross
Mauritius Red Cross Society,red cross
Kenyan Red Cross Society,red cross
Ethiopian Red Cross Society,red cross
Djibouti Red Crescent Society,Red Cross
ACT Alliance / Norwegian Church Aid,NGOs
European Commission Civil Protection Mechanism,EC
Medico International,NGOs
DIOTIMA Centre of research on Women's Issues,academia/think/research
Swiss Development Cooperation/Swiss Humanitarian Aid,DAC governments
World Vision Taiwan,NGOs
World Vision Australia,NGOs
ACT Alliance / Diakonie Katastrophenhilfe,NGOs
International Fund for Animal Welfare,NGOs
Iraq Trust Fund (OCHA),UN Multi
INTERSOS Humanitarian Aid Organization,NGOs
United Nations Voluntary Fund for Victims of Torture,UN multi
Agency for Technical Cooperation and Development,NGOs
Namibia Red Cross,red cross
Malawi Red Cross Society,red cross
Botswana Red Cross Society,red cross
War Child Holland,NGOs
TEARFUND,NGOs
Humanitarian Innovation Fund,Other pooled
Deutsche Welthungerhilfe e.V. (German Agro Action),NGOs
Mercy Corps,NGOs
World Poultry Foundation,NGOs
Liberia,NDD
National Council of Saemaul Undong Movement,NGOs
Korean Church Federation of Support for North Korea,private individual organisations
One Buddhism,NGOs
Korea Food for the Hungry International,NGOs
International Corn Foundation,foundations
National Coalition of NGOs for Inter-Korea Agricultural Development and Cooperation,NGOs
The General Assembly of Presbyterian Church in Korea,private individual organisations
Association of South-North Kang-Won Province Cooperation,other
21 Century Unification Service Organization,other
National Agricultural Cooperative Federation,NGOs
GOAL,NGOs
DOB Foundation,private sector corporations
The Kvinna till Kvinna Foundation,foundations
Libya,NDD
Radiohjälpen (Radio Aid Sweden),foundations
ACT Alliance / Christian Aid,NGOs
OXFAM,NGOs
EO Metterdaad,private individual organisations
Christelijke Gereformeerde Kerken   (Christian Reform Churches),Other
ACT Alliance / World Renew,NGOs
JT International Foundation,foundations
Caritas Japan,NGOs
Caritas Italy,NGOs
Canadian Catholic Organization for Development and Peace (Caritas Canada),NGOs
Caritas Korea,NGOs
Caritas Germany (DCV),NGOs
Secours Catholique - Caritas France,NGOs
Fonds Social de la République Démocratique du Congo,NGOs
Kuwait Fund for Arab Economic Development,NDD
Arab League,Other multi
Catholic Organisation for Relief and Development Aid,NGOs
Pope for Ukraine,foundations
SOS Kinderdorf,NGOs
Associazione Volontari per il Servizio Internazionale,NGOs
TEAR Fund New Zealand,other
Mercy Corps Scotland,NGOs
Practical Action (formerly Intermediate Technology Development Group),NGOs
American Refugee Committee,NGOs
World Relief,NGOs
World Vision Sudan,NGOs
OXFAM America,NGOs
Mission de l'Organisation des Nations Unies pour la Stabilisation en RD Congo,UN multi
CARE International Switzerland in Sudan,NGOs
AlertNet,NGOs
Dutch Relief Alliance,NGOs
CE & S,other
Nigeria Humanitarian Fund,CBPF
Coin Co. International,private sector corporations
Intergovernmental Authority on Development,Other multi
ACT Alliance / Church of Sweden,NGOs
LEGO Foundation,foundations
CARITAS,NGOs
Kulczyk Foundation,foundations
action medeor e.V.,NGOs
Relief International,NGOs
Kuwait Awqaf General Secretariat,NDD
Kuwait Zakat House,NDD
United States Department of Defense,DAC governments
Fondation Internationale Carrefour,foundations
ACT Alliance / Finn Church Aid,NGOs
Norwegian People's Aid,NGOs
Light for the World,NGOs
International Resources Group,private sector corporations
Humanity United,foundations
Family Charitable Organisation,private individual organisations
Associazione di Cooperazione allo Sviluppo,NGOs
The Nando and Elsa Peretti Foundation,foundations
Baby Box Company,private sector corporations
"Voice for Peace, Protection and Development",NGOs
WFP Immediate Response Account,UN Multi
Al-Khair Foundation,NGOs
Malteser International Order of Malta World Relief,Other
Cooperazione Internazionale - COOPI,NGOs
Japan Committee for Refugee Relief,NGOs
Facebook,private sector corporations
Moroccan Red Crescent,red cross
ZOA,NGOs
Office of the United Nations Special Coordinator for the Middle East Peace Process,UN Multi
United Nations Office on Drugs and Crime,UN Multi
The Israel Forum for International Humanitarian Aid,other
Somali Diaspora Aid Action Group,Other
Tear Australia,NGOs
ACT Alliance,NGOs
Dorcas Aid International,NGOs
Education Cannot Wait Fund,Other pooled
Communicating with Disaster Affected Communities,NGOs
Slovak Red Cross,red cross
World Vision New Zealand,NGOs
Pax Christi e.V,NGOs
American Jewish World Service,NGOs
Aid Development Botswana,NGOs
World Mission Society Church of God,private individual organisations
ACT Alliance / United Methodist Committee on Relief,NGOs
Secours Islamique France,NGOs
King Abdullah Foundation,foundations
Angola,NDD
EZINGO Central African Republic Multi-Partner Trust Fund,Other pooled
UN Department of Economic and Social Affairs,UN Multi
Digicel Group,private sector corporations
Interchurch Medical Assistance World Health,NGOs
Bank of Ireland,Private sector corporations
Electric Aid,foundations
Mary's Meals,NGOs
United Nations Environment Programme,UN Multi
Expertise France,DAC governments
ActionAid International,NGOs
EPRO,other
UNICEF Croatia,UN multi
Bosnia & Herzegovina,NDD
European Union trust fund Bekou in CAR,EC
Population Services International,NGOs
King Salman Humanitarian Aid and Relief Center,foundations
International NGO Safety Organisation,NGOs
"Frontiers, Ruwad Association",private individual organisations
Preemptive Love Coaliton,NGOs
GAVI Alliance,other
"Sunnaas sykehus HF, Forskningsavdelingen",academia/think/research
Ruedi Lüthy Foundation,NGOs
REACH Initiative,Academia/think/research
Watan Khayr Charity Foundation,NGOs
Internews,NGOs
"ACT Alliance / Diakonia, Sweden",NGOs
Great Lakes Initiative Project HIV/AIDS,Other multi
United Nations Foundation,UN Multi
Muslim Aid,NGOs
Air Serv International,NGOs
ACT Netherlands,NGOs
Grupo de Apoio í  Criança (GAC),NGOs
British Council,NGOs
Polish Red Cross,red cross
Operation USA,NGOs
Syrian Arab Republic,NDD
United Nations Multidimensional Integrated Stabilization Mission in the Central African Republic,UN Multi
The Innocent Foundation,foundations
Development and Peace,NGOs
ACT Alliance / Kerk in Actie - Netherlands,NGOs
Syrian Expatriates Medical Association,NGOs
HEALTH AND WATER FOUNDATION,NGOs
Cook Islands Red Cross Society,red cross
NoVo Foundation,foundations
Oxfam Intermon,NGOs
Nuestros Pequeños Hermanos,NGOs
Plan USA,NGOs
MEDAIR,NGOs
ShelterBox,NGOs
Syria Trust for Development,NGOs
Johanniter Unfallhilfe e.V.,NGOs
Japan Platform,other
Fondation Caritas Luxembourg,NGOs
Kuwait Foundation for the Advancement of Science,foundations
Burundi,NDD
UNICEF National Committee/Mexico,UN Multi
Deutsche Bank AG,private sector corporations
World Vision Somalia,NGOs
Evangelical Lutheran Church in America,other
Brother's Brother Foundation,foundations
Aga Khan Foundation,foundations
Heinrich Böll Foundation,foundations
Palestine Right to Return Coalition,NGOs
Gruppo Volontariato Civile,NGOs
ACT Alliance / United Church of Canada,NGOs
National Council of Churches in Australia,private individual organisations
HEKS - Hilfswerk der Evangelischen Kirchen Schweiz,NGOs
ACT Alliance / Diakonie Austria,NGOs
The Religious Society of Friends (Quakers),Other
Diana Tamari Sabbagh Foundation,foundations
ACT Alliance / Bread for the World,NGOs
Methodist Church,Other
Misereor,private individual organisations
Trocaire,NGOs
People in Need,NGOs
Agence Française de Développement,DAC governments
Médecins sans Frontières - Belgium,NGOs
Qawafil for Relief and Development,NGOs
Bloomberg,private sector corporations
Malaysia Red Crescent Society,red cross
Gilead Sciences Inc,Private sector corporations
Mission Aviation Fellowship,private individual organisations
Sheikh Abdullah Al-Nouri Charity Society,NGOs
Pan American Development Foundation,foundations
OXFAM International,NGOs
Stichting War Child,NGOs
Pakistan Red Crescent Society,red cross
ACT Alliance / Church World Service,NGOs
Solidarités International (SI),NGOs
Ole Kirk’s Foundation,foundations
Burundi Red Cross,red cross
International Youth Foundation,foundations
Nous Cims,foundations
TechnipFMC,private sector corporations
South32,private sector corporations
The Resource Foundation,foundations
Tunisia,NDD
Doctors of the World Turkey ( Dünya DoktorlarÄ± DerneÄŸi ),NGOs
Organization of American States,Other multi
Telecom Sans Frontieres,NGOs
Secours Islamique,NGOs
Bahamas,NDD
Red Cross of Serbia,red cross
Hungarian Red Cross,red cross
Croatian Red Cross,red cross
United States Agency for International Development,DAC governments
Crown Agents,NGOs
Thani Bin Abdullah Bin Thani Al-Thani Humanitarian Fund,foundations
Global Food Crisis Fund,other
Movement Centre of Jeju Citizen to Cooperation between South and North,NGOs
Korea Campus Crusade for Christ,NGOs
Presbyterian Church of Korea,private individual organisations
ACT Alliance / Canadian Lutheran World Relief,NGOs
Disasters Emergency Committee Cyclone Idai,foundations
Aktion Deutschland Hilft,NGOs
NIRAS,private sector corporations
Diocese of Rumbek,private individual organisations
IMPACT Initiatives,academia/think/research
Frantz Hoffman Foundation,foundations
Danish Emergency Relief Fund,DAC governments
JP Morgan Chase,private sector corporations
Base Net Organization,NGOs
The Church of Jesus Christ of Latter-Day Saints,private individual organisations
UNICEF National Committee/Malaysia,UN Multi
UNICEF Brazil,UN Multi
Première Urgence Internationale,NGOs
"Consortium for Southern Africa Food Security Emergency (World Vision, CARE, CRS, & ADRA)",NGOs
Leopold Bachmann Foundation,foundations
Bündnis Entwicklung Hilft,NGOs
"National Lottery Community Fund, the UK",DAC governments
Hilti Foundation,foundations
World Vision Canada,NGOs
World Vision USA,NGOs
BRITISH ORG. FOR MEDICAL AND SCIENTIFIC ASSISTANCE,other
Global Partnership for Education,foundations
Médecins du Monde France,NGOs
Children International,NGOs
UNITED NATIONS - AFRICAN UNION HYBRID OPERATION IN DARFUR,UN Multi
RONCO Consulting Corporation,private sector corporations
RMS Foundation,private sector corporations
ADRA/HELP International,NGOs
Humanitarian Grand Challenge,Other multi
HALO Trust,NGOs
Association for Aid and Relief Japan,NGOs
Swasia Charity Foundation,NGOs
Alliance for International Medical Action,private individual organisations
Première Urgence (until 2010),NGOs
Wellspring International,foundations
UN Delivering AS ONE,UN Multi
Centre for Humanitarian Dialogue,academia/think/research
War Child Canada,NGOs
Action Against Hunger,NGOs
Women's Refugee Commission,NGOs
ACT Alliance / Diakonie Emergency Aid,NGOs
ACT Alliance / Diakonie,NGOs
UBS,private sector corporations
ST. ANDREWS SOCIETY,private individual organisations
ZAYED Foundation,foundations
Voluntary Service Overseas,NGOs
Association for People's Cooperation between South and North Korea,private individual organisations
UNICEF National Committee/Chile,UN Multi
Children on the Edge,NGOs
Street Child Organization,NGOs
The Pacific Community (former South Pacific Commission),Other multi
OXFAM Australia,NGOs
Conrad N. Hilton Foundation,foundations
Manos Unidas,NGOs
Fundación Entreculturas - Fe y Alegrí­a,NGOs
Global Communities,NGOs
Misean Cara,NGOs
UK Jesuit Missions,NGOs
Spanish Jesuit Missions,NGOs
Haiti,NDD
Syria Relief and Development Organization (Sosyal Refah DerneÄŸÄ±),NGOs
Center for Victims of Torture,NGOs
Syrian American Medical Society Foundation,NGOs
African Humanitarian Corps,NGOs
CARE Somalia,NGOs
World Church Relief Service,NGOs
Global Center on Cooperative Security,NGOs
"BlackRock, Inc.",private sector corporations
Bolton Group,private sector corporations
CanDO Transforming Humanitarian Action,foundations
DWF,other
Turkmenistan,NDD
Kuwait Patients Helping Fund,NGOs
Humanitarian Relief Society,NGOs
War Child,NGOs
Sign of Hope,NGOs
IOM Development Fund,foundations
Multinational Interim Force,UN Multi
Fondation Chanel,foundations
Colombia Post-Conflict UN MPTF,UN Multi
Sweet Mickey Foundation,foundations
Food for the Hungry International,NGOs
Hands Up Foundation,foundations
United Nations Mission in South Sudan,UN Multi
Isle of Man,NDD
OCP AFRICA,private sector corporations
CARE Canada,NGOs
CARE-UK,NGOs
CARE Luxembourg,NGOs
"Hand in Hand Appeal, Syria",NGOs
Hungarian Baptist  Aid Organisation,NGOs
Caritas Hungary,NGOs
Hungarian Malteser Charity Service,NGOs
Asian Disaster Reduction Center,Other multi
Parthenon Trust,NGOs
Imperial College,academia/think/research
ACT Alliance / Hungarian Interchurch Aid,NGOs
Evangelical Development Programme,private individual organisations
Omidyar Fund,private individual organisations
United Nations Development Group Office,UN Multi
One Shekel Campaign in WB,NGOs
United Nations Transitional Authority in East Timor,UN Multi
Zimbabwe Red Cross,red cross
Food for the Poor,NGOs
World Animal Protection,NGOs
Kleenheat Gas,private sector corporations
Dominican Republic,NDD
Liechtenstein Red Cross,red cross
Africa Muslims Agency (Johannesburg),NGOs
IDRC,academia/think/research
OXFAM Netherlands (NOVIB),NGOs
"Palestinian territory, occupied",NDD
Chevron Texaco,private sector corporations
Organisation Internationale de la Francophonie,NGOs
Canadian Development and Peace,NGOs
Albania,NDD
International Relief Teams,NGOs
Equatorial Guinea,NDD
Malta Red Cross Society,red cross
"Korea, Democratic People's Republic of",NDD
Timor Leste,NDD
ROLEX,private sector corporations
Rwanda,NDD
Lebanon,NDD
Senegal,NDD
"Macedonia, Former Yugoslav Republic of",NDD
Gobi Regional Economic Growth Initiative,NGOs
HARRODS GROUP,private sector corporations
Mauritania,NDD
"Ibero-American States Organization for Education, Science & Culture",NGOs
Palau,NDD
United Nations Volunteers Programme,UN Multi
Gabon,NDD
UN Economic Commission for Latin America,UN Multi
Swaziland,NDD
European Investment Bank,Other multi
Serbia and Montenegro,NDD
Nicaragua,NDD
BIJOU Trust,private individual organisations
Trust & Legacies,private individual organisations
Barbados Red Cross Society,red cross
Seychelles,NDD
OXFAM Ireland,NGOs
OXFAM Hong Kong,NGOs
Guatemala,NDD
IRA Fund,other
Zambia,NDD
Reunion,DAC governments
International Maritime Organization,UN Multi
Panama,NDD
Tuvalu,NDD
Albanian Red Cross,red cross
Bangladesh Red Crescent Society,red cross
Belize Red Cross Society,red cross
Bolivian Red Cross,red cross
Red Cross Society of Bosnia and Herzegovina,red cross
Brazilian Red Cross,red cross
Cambodia,NDD
Colombian Red Cross Society,red cross
Ecuadorian Red Cross,red cross
Salvadorean Red Cross Society,red cross
Estonia Red Cross,red cross
Honduran Red Cross,red cross
Latvian Red Cross,red cross
"Red Cross of The Former Yugoslav Republic of Macedonia, The",red cross
Lithuanian Red Cross Society,red cross
Micronesia Red Cross,red cross
"Micronesia,  Federated States of",NDD
Papua New Guinea Red Cross Society,red cross
Paraguayan Red Cross,red cross
Portuguese Red Cross,red cross
Romanian Red Cross,red cross
South African Red Cross Society,red cross
Fiji Red Cross Society,red cross
Palau Red Cross Society,red cross
Ukrainian Red Cross Society,red cross
AASAA,other
Organization for African Unity,Other multi
Ghana,NDD
USA for UNHCR,NGOs
"United Nations Mission in the DRC (Mission d'Observation des Nations Unies au Congo, MONUC)",UN Multi
Jamaica Red Cross,red cross
Uruguayan Red Cross,red cross
World Vision Hong Kong,NGOs
World Vision UK,NGOs
ACT Alliance / Amity Foundation,NGOs
Algerian Red Crescent,red cross
Bahamas Red Cross Society,red cross
Argentine Red Cross,red cross
Arab Association for Human Rights,NGOs
Czech Red Cross,red cross
Guyana Red Cross Society,red cross
Jordan National Red Crescent Society,red cross
Lebanese Red Cross,red cross
Mexican Red Cross,red cross
Philippine Red Cross,red cross
Russian Red Cross Society,red cross
Samoa Red Cross Society,red cross
Trinidad and Tobago Red Cross Society,red cross
Vanuatu Red Cross Society,red cross
Venezuelan Red Cross,red cross
World Vision Sri Lanka,NGOs
FOCUS Humanitarian Aid,NGOs
Lighthouse Association,NGOs
Association Francaise de soutien a UNHCR,UN Multi
Australia for UNHCR,UN Multi
Association of Medical Doctors of Asia International,NGOs
Deniz Feneri Yardimlasma ve Dayanisma Dernegi,other
Abdul Latif Jameel Group,private sector corporations
North Atlantic Treaty Organization,Other multi
Earthquake Relief Fund for Orphans,NGOs
Tajikistan,NDD
Tzu Chi Foundation,foundations
Exactmobile (South Africa),private sector corporations
Shinnyo-en,private individual organisations
PriceWaterhouseCoopers,private sector corporations
UNO-Flüchtlingshilfe e.V.,UN Multi
International Bank for Reconstruction & Development (World Bank),UN Multi
Human Rights and Humanitarian Assistance Foundation,foundations
ADC Foundation,foundations
Cambodian Red Cross,red cross
Nepal Red Cross Society,red cross
Caritas Austria,NGOs
SERVICE plus GMBH,private sector corporations
AIG Disaster Relief Fund,private sector corporations
Kyrgyzstan,NDD
The Asia Foundation,foundations
International Relief and Development,NGOs
International Catholic Migration Commission,NGOs
Christian Children's Fund,NGOs
Foundation for Co-existence,foundations
National Anti War Front,other
Disaster Resource Network,NGOs
Suriname Red Cross,red cross
Rissho Koseikai,private individual organisations
Standard Chartered Bank,private sector corporations
Corporacion andina de fomento,Other multi
Friends of Love,NGOs
Church Women Solidarity for Supporting North Korea Children,private individual organisations
Korea Buddhist Order Association,NGOs
Green Hope,NGOs
Abundant Life Church,Other
Grenada,NDD
The Movement Center of Jeju Citizen to Help the North Korea,NGOs
Africa Self Help Assistance Programme,NGOs
Korean Farmers' Association,NGOs
Association of Major Superious of Religious Women in Korea,private individual organisations
Kim Seung-Jung,private individual organisations
Catholic Priest Association for Justice,private individual organisations
WFP Administered Trust Fund,UN Multi
UN Assistance Programme to Afghanistan,UN Multi
Church of Jesus Christ (Johannesburg),private individual organisations
Rwandan Red Cross,red cross
Packard Foundation,foundations
Open Society Institute Assistance Foundation,foundations
Juffali Foundation,foundations
Bahrain Red Crescent Society,red cross
International Telecommunications Union,UN Multi
Swedish Mission Council,private individual organisations
Pan American Health and Education Foundation,foundations
Disaster Prevention and Preparedness Commission Ethiopia,NDD
Firemen without Borders,NGOs
European Commission Rapid Reaction Mechanism,EC
Solidaridad Internacional,foundations
Australian Aid International,NGOs
Hope International Development Agency,NGOs
UNICEF National Committee/Estonia,UN Multi
Asia Pacific Permanent Representatives' Spouses Group,Other multi
Seylan Bank Limited,private sector corporations
Netherlands Refugee Foundation,foundations
Medical Emergency Relief International,NGOs
Ayuda en Acción,NGOs
World Wildlife Fund,NGOs
UNICEF National Committee/Oman,UN Multi
Fondazione Un Raggio di Luce,NGOs
CARE Nepal,NGOs
"Daiki, Inc.",private sector corporations
Plan Niger,NGOs
Médecins sans Frontières - Switzerland,NGOs
Vårt land,private sector corporations
"Friends of  UNRWA Association, USA",UN Multi
United Nations assessed contributions,UN Multi
"Congo, Republic of",NDD
Médicos del Mundo Spain,NGOs
UNICEF National Committee/Latvia,UN Multi
Telefood Campaign,UN Multi
"Catholic Church, Germany",private individual organisations
"Operation Helping Hands, American Samoa",NGOs
"Episcopal Conference, Peru",academia/think/research
Saga Falabella,private sector corporations
Cooperation Andina de Fomento,Other multi
Plan Indonesia,NGOs
Swedish Cooperative Centre,NGOs
Chinese Community in Peru,other
Intl Humanitarian Org World View,NGOs
"National Fishery Society, Peru",private sector corporations
Santa Isabel Market,private sector corporations
"Greek Orthodox Ladies Philoptochos Society, Inc.",NGOs
Gamarra's Merchant Commission,private sector corporations
UNDG Iraq Trust Fund,UN Multi
Andean Development Corporation,Other multi
Luchetti,private sector corporations
Espana con ACNUR,UN Multi
Fundacion Paz - Holandesa,foundations
Backus y Cervesur,private sector corporations
Special Representative of the Secretary-General,UN Multi
Girls are a Treasure Network,NGOs
ALICORP,private sector corporations
Boston Archiepiscopal Diocese,private individual organisations
Lima Airport Partners,private sector corporations
"Area Staff Union, HQ/Amman",other
Peru Rail,private sector corporations
Juhaina for Industries,private sector corporations
Peruvian Private Enterprise Colchones Paraiso,private sector corporations
Ripley,private sector corporations
Feed the Hungry,NGOs
The Federation of Korean Industries,private sector corporations
D. Stiftung furn UNO-Fluchtlingshilfe E.V.,NGOs
The Korean Medical Association,NGOs
Floridon Foundation,foundations
Nextel Peru,private sector corporations
Humanity First USA,NGOs
"Central Asian Free Exchange, USA",NGOs
"Joint Development Associates, USA",NGOs
Médecins sans Frontières - Netherlands,NGOs
Caritas India,NGOs
Evangelical Fellowship of India Commission on Relief,private individual organisations
Oxfam India,NGOs
Project Aparajita - VHAI,NGOs
Concern India,NGOs
Catholic Mission,private individual organisations
UNDG/EXECCOMM Secretariat,UN Multi
Zimbabwe CHF,CBPF
CARE Australia,NGOs
Caritas Peru,NGOs
Christian Friends of Korea,NGOs
Medical Assistance Programs International,NGOs
Foundation Vida Peru,foundations
El Salvador,NDD
Singapore International Foundation,foundations
Children of Peru Foundation (New York),foundations
SAFRA Edmond J. Philanthropic Foundation,foundations
Light Force International,NGOs
Lion Aid,NGOs
Diakonia World Federation,NGOs
Arab Authority for Agricultural Investment and Development,Other multi
The Mission Covenant Church of Sweden,private individual organisations
Children's Home Society of Minnesota,NGOs
United Nations Mission in Timor-Leste,UN Multi
Caritas Spain,NGOs
BID,private sector corporations
Puerto Rico,NDD
Somalia ERF (until 2012),CBPF
Multi-Donor Trust Fund for the Sudan,Other pooled
Alexander Bodini Foundation,foundations
SANOFI,private sector corporations
PMU-Interlife,NGOs
Islamic Edu. Scien. Cultural Org.,Other multi
Amitie sans Frontieres,NGOs
SOLIDAR INGO CONSORTIUM,NGOs
United Nations Joint Logistics Centre,UN Multi
Caritas/MCC,NGOs
Flanders Cooperation,other
Monterey Institute of International Studies,academia/think/research
Mercy-USA for Aid and Development,NGOs
SOS International,NGOs
Saudi Public Campaign for Lebanon and Palestine,other
Palestine Red Crescent Society,red cross
Welfare Association,NGOs
Sundry Donors,other
Human Care International,NGOs
Kingdom Foundation,foundations
Counterpart International,NGOs
PTT Public Company Limited,private sector corporations
Honda,private sector corporations
Japan Association for WFP,UN Multi
Khoo Teck Puat Foundation,foundations
Samoa,NDD
Deniz Feneri Association,NGOs
Business Roundtable,private sector corporations
Schering-Plough Corporation,private sector corporations
Abbott Laboratories,private sector corporations
Motorola Foundation,foundations
Charles Schwab Foundation,foundations
Merrill Lynch,Private sector corporations
General Motors Foundation,foundations
"Caterpillar, Inc.",private sector corporations
The Nat'l Council of Saemaul Undong  Movement in Korea,NGOs
Pfizer,private sector corporations
Merck & Co. Inc.,private sector corporations
US-China Business Council,private sector corporations
EMC Corporation,private sector corporations
Siemens AG,private sector corporations
Daimler,private sector corporations
Baxter International Foundation,foundations
Linkage Trust,NGOs
AMURT International,NGOs
Fondation de France,foundations
Tides Foundation,foundations
International Air Transport Association,private sector corporations
Belarusian Red Cross,red cross
Sri Lanka Red Cross Society,red cross
Partner Aid International e.V.,NGOs
Multi-Donor Trust Fund for the Sudan South,Other pooled
SCOR Group,private sector corporations
Project HOPE,NGOs
Baptist World Aid,NGOs
Indonesian Farmers Funds,UN Multi
Medical Teams International,NGOs
Uzbekistan,NDD
ACT Alliance / Lutheran World Relief,NGOs
International Orthodox Christian Charities,NGOs
The Sigrid Rausing Trust,foundations
Office for Intellectual Freedom,academia/think/research
Plan Haiti,NGOs
Digicel Foundation,foundations
Burkina Faso,NDD
Burma Austria Allianz,private sector corporations
Jordanian River Society,foundations
Life for Relief and Development,NGOs
Benin,NDD
Health Partners International Canada,NGOs
Red Crescent Society of Kyrgyzstan,red cross
Lihir Gold Limited,private sector corporations
Tanzania,NDD
GlobalMedic,NGOs
HIVOS,NGOs
Human Concern International,NGOs
Foundation for HR and Freedoms and Humanitarian Relief,NGOs
Doctors Worldwide,NGOs
Mercy Malaysia,NGOs
Waatasemu Charity Association,other
Japanese Kindergarten Association,other
Sultan Haji Hassanal Bolkiah Foundation,foundations
Sheikh Mohammad Shami Foundation,foundations
NOMECO,private sector corporations
Abu Dhabi National Energy Company,private sector corporations
"Al-Aqsa Islamic Society, USA",private individual organisations
"ARIGATOU FOUNDATION, JAPAN",foundations
JORDAN RIVER FOUNDATION,NGOs
KINDER USA,NGOs
"Mercy Relief, Singapore",NGOs
Deloitte and Touche,private sector corporations
"Travian Games, Germany",private sector corporations
INDONESIA-PALESTINE FRIENDSHIP INITIATIVE,other
ISLAMIC HERITAGE SOCIETY,other
ISLAMIC SHURA COUNCIL OF MICHIGAN,private individual organisations
SALAM YA SUGHAR FUND,NGOs
CRS and Private Foundations,other
World Vision Support Offices,NGOs
Medical Aid for Palestinians,NGOs
Korean Foundation for International Healthcare,NGOs
Balcombe,other
Spanish Aced,NGOs
Fondation Suisse pour le Déminage,foundations
SAH - Schweizerisches Arbeiterhilfswerk,NGOs
Nepal ERF,CBPF
HSBC Bank Middle East Limited,private sector corporations
Operation Blessing International,NGOs
Wal-Mart,private sector corporations
Golden Heart Fund,other
Association Solidarite Maroc Palestine,other
Inter Américain de Coopération Agricole,Other multi
Shell Nigeria,private sector corporations
Belize,NDD
Co-ordinating Council Geneva,UN Multi
America Continental 2000,private sector corporations
Campbell Soup CO,private sector corporations
ConAgra Foods,private sector corporations
Assistência Médica Internacional (AMI),NGOs
Vodafone Group Foundation,foundations
Kellogg Corporation,private sector corporations
Bank of America Corporation,private sector corporations
BMO Financial Group,private individual organisations
Go Daddy,private sector corporations
Rogers Communications,private sector corporations
Walt Disney Corporation,private sector corporations
Lance Armstrong Foundation,foundations
Jolie-Pitt Foundation,foundations
Suriname,NDD
Jefferies Group Inc,private sector corporations
Verizon Foundation,foundations
Kraft Foods Foundation,foundations
Plan UK,NGOs
CareSource Foundation,foundations
AT&T Foundation,foundations
Home Depot Foundation,foundations
Eaton Corp,private sector corporations
British Airways,private sector corporations
Comcast Corp,private sector corporations
Angel Network,other
Not on our Watch,NGOs
Toyota Motor Corporation,private sector corporations
State Street Corporation,private sector corporations
Dow Chemical Corporation,private sector corporations
Advent Software,private sector corporations
Air Products,private sector corporations
Allstate Foundation,foundations
UnitedHealth,private sector corporations
Orthodox Church in America,private individual organisations
VICINI and the INICIA Foundation,foundations
Humana Foundation,foundations
Argos Cement Company,private sector corporations
Visa,private sector corporations
Wakefern Food Corp. (ShopRite and PriceRite stores,private sector corporations
Walgreens,private sector corporations
Mattel,private sector corporations
Hess Corporation,private sector corporations
DELL,private sector corporations
General Mills Foundation,foundations
Reynolds American Foundation,foundations
Southern Company Charitable Foundations,foundations
Publix,private sector corporations
Rockwell Collins,private sector corporations
Sempra Energy Foundation,foundations
Staples Inc.,private sector corporations
Tenet Healthcare Corporation,private sector corporations
Morgan Stanley,private sector corporations
Canon Group,private sector corporations
Cogeco Cable,private sector corporations
ConocoPhillips,private sector corporations
Credit Agricole,private sector corporations
Desjardins,private sector corporations
Chubb Corporation,private sector corporations
Credit Suisse,private sector corporations
"Crocs, Inc.",private sector corporations
Limited Brands,private sector corporations
Safeway Inc,private sector corporations
Tesco,private sector corporations
United Technologies Corporation,private sector corporations
Lowe's Companies Inc.,private sector corporations
TJX Companies,private sector corporations
Toys R Us,private sector corporations
FPL Group Foundation,foundations
GenNX360,private sector corporations
US Bancorp,private sector corporations
SES World Skies,private sector corporations
Symantec,private sector corporations
Panasonic,private sector corporations
National Grid,private sector corporations
Eastman Kodak Charitable Trust,private sector corporations
Qwest Foundation,foundations
Henry Schein Inc.,private sector corporations
Hanesbrands,private sector corporations
Massachusetts Mutual Life Insurance Company,private sector corporations
Dollar General Corporation,private sector corporations
Build-A-Bear Workshop Foundation,foundations
"Principal Financial Group Foundation, Inc",private sector corporations
Pentair,private sector corporations
Astoria Federal Savings,private sector corporations
Northfield Bank Foundation,foundations
Hudson's Bay Company,private sector corporations
Hydration Technology Innovations,private sector corporations
HNA Group,private sector corporations
Xstrata AG,private sector corporations
Burton D. Morgan Foundation,foundations
Canada Safeway Foundation,foundations
ACE Charitable Foundation,NGOs
"Kinetic Concepts, Inc.",private sector corporations
RBC,private sector corporations
Rite Aid,private sector corporations
Digicel Aruba,private sector corporations
MetaCorp,private sector corporations
Burger King,private sector corporations
Eisai Co. Ltd.,private sector corporations
Clinton Foundation,foundations
Maxim G Rochester and Leighton McKnight,private sector corporations
Royal Bank of Canada,private sector corporations
Healthworkers Community,other
William Gallagher Associates,private individual organisations
AP Moller Maersk Group,private sector corporations
Monsanto Co.,private sector corporations
Bristol-Myers Squibb,private sector corporations
Bertelsmann AG,private sector corporations
ConvaTec,private sector corporations
FIJIWater,private sector corporations
HSBC,private sector corporations
"TEC Equipment, Inc.",private sector corporations
Migros,private sector corporations
Valero Energy/Ultramar,private sector corporations
"Cardinal Health, Inc.",private sector corporations
Avon,private sector corporations
Carnival Corporations,private sector corporations
Foresters,private individual organisations
Dr Pepper Snapple Group,private sector corporations
Leonardo DiCaprio Foundation,foundations
International Paper,private sector corporations
Lipsey Water,private sector corporations
Paul Hastings,private sector corporations
Kirkland & Ellis LLP,private sector corporations
"Weil, Gotshal & Manges LLP",private sector corporations
Dewey & LeBoeuf LLP,private sector corporations
Venable LLP,private sector corporations
Akin Gump Strauss Hauer & Feld LLP,private sector corporations
Patton Boggs LLP,private sector corporations
"Gibson, Dunn & Crutcher",private sector corporations
Chadbourne & Parke LLP,private sector corporations
Winston & Strawn LLP,private sector corporations
Mayer Brown,private sector corporations
Schulte Roth & Zabel LLP,private sector corporations
WilmerHale,private sector corporations
Northrop Grumman Corp,private sector corporations
Northwestern Mutual Corp.,private sector corporations
DJO Incorporated,other
"Ross Stores, Inc.",private sector corporations
Nationwide Insurance Foundation,foundations
International Criminal Police Organization - INTERPOL,Other multi
"Dr. Fresh, Inc",private sector corporations
ING Group Disaster Relief Fund,private sector corporations
TNT,private sector corporations
Shionogi Pharma Inc.,private sector corporations
"Shionogi & Co., Ltd",private sector corporations
Skanska,private sector corporations
3M,private sector corporations
Allianz Life Insurance Company of North America,private sector corporations
Atlantic Philanthropies,foundations
"Blue Cross and Blue Shield of Minnesota Foundation, Inc.",foundations
Buuck Family Foundation,foundations
Central Minnesota Community Foundation,foundations
Chrysler Foundation,foundations
"CVS Caremark Charitable Trust, Inc.",foundations
eBay Foundation,foundations
Ecolab Inc.,private sector corporations
Hewlett-Packard Company Foundation,foundations
Gulf Coast Community Foundation of Venice,foundations
Hilton Worldwide,private sector corporations
Horizon Foundation for New Jersey,foundations
Wawa Inc.,private sector corporations
Kroger Co. Foundation,foundations
M.A.C. AIDS Fund,other
McGregor Fund,foundations
NiSource Charitable Foundation,foundations
Nissan Corporation,private sector corporations
Northland Foundation,foundations
GEA Society,private individual organisations
Pew Charitable Trusts,private individual organisations
Public Welfare Foundation,foundations
Richard and Susan Smith Family Foundation,foundations
Toro Company,private sector corporations
Bernard van Leer Foundation,foundations
Bacardi Limited,private sector corporations
Electricite de France,private sector corporations
Winn-Dixie Foundation,foundations
Weyerhaeuser,private sector corporations
Louis Vutton,private sector corporations
Kids in Distressed Situations,private individual organisations
Carestream Health,private sector corporations
Xcel Energy Foundation,foundations
Annie E. Casey Foundation,foundations
"Anheuser-Busch Companies, Inc.",private sector corporations
"Best Buy Co., Inc.",private sector corporations
Best Buy Children's Foundation,foundations
Freeport-McMoRan Copper & Gold Inc,private sector corporations
Gerdau Ameristeel,private sector corporations
Siemens Water Technologies,private sector corporations
Amgen,private sector corporations
Aramark,private sector corporations
"Hitachi America, Ltd.",private sector corporations
MassMutual Financial Group,private sector corporations
3Com,private sector corporations
Armstrong,private sector corporations
AXA Group,private sector corporations
Barclay's Foundation,foundations
Bechtel,private sector corporations
Dannon,private sector corporations
Cognizant,private sector corporations
Coach,other
Dun & Bradstreet,private sector corporations
Dunkin Brands,private sector corporations
Farmers Insurance,private sector corporations
Flowserve,private sector corporations
Goodrich Corporation,private sector corporations
Harland Clarke Holdings,private sector corporations
Hartford Financial Services Group,private sector corporations
JC Penny,private sector corporations
Land O'Lakes,private sector corporations
Lubrizol,private sector corporations
McAfee,private sector corporations
"Mitsui USA, Inc.",private sector corporations
Bilkent Holding,private sector corporations
Latin American Benevolent Foundation,foundations
Grass Technologies,private sector corporations
Integra LifeSciences Holdings Corporation,private sector corporations
OneBeacon Charitable Trust,other
ChildFund International,NGOs
Menasha Corporation,Private sector corporations
Korean-American Association,private individual organisations
J. Smith Lanier & Co.,private sector corporations
Sprint Nextel,private sector corporations
Costa Rican Red Cross,red cross
Bridgestone Group,private sector corporations
Sphene International Ltd,private sector corporations
Carlson Wagonlit Travel Beheermaatschappij,private sector corporations
Office of the Representative of the Dalai Lama,NDD
Nomura Group,private sector corporations
Risk and Insurance Management Society,private individual organisations
Zambia Red Cross Society,red cross
Syrian Arab Red Crescent,red cross
"Goya Foods, Inc.",private sector corporations
Crawford & Company,private sector corporations
Grand Circle Foundation,foundations
Dark & Light Foundation,foundations
Perry Ellis International,private sector corporations
Medtronic Foundation,foundations
Wegman Family Charitable Foundation,foundations
Aetna Foundation,foundations
Airamid Health Management,private sector corporations
AK Steel,private sector corporations
AllianceBernstein Holding L.P.,private sector corporations
MAXIMUS,private sector corporations
CareFusion Corporation,NGOs
Cumberland Pharmaceuticals Inc,private sector corporations
Thrivent Financial for Lutherans,private individual organisations
Liggett Vector Brands Inc.,private sector corporations
Actavis Group,private sector corporations
Nestle USA,private sector corporations
Nokia,private sector corporations
Occidental Petroleum,private sector corporations
PACCAR Inc.,private sector corporations
Pietrantoni Mendez & Alvarez LLP,private sector corporations
Princess Cruises,private sector corporations
"QVC, Inc.",private sector corporations
Raytheon,private sector corporations
Boston Foundation (Ansara Family Fund),foundations
DentaQuest,private sector corporations
Prem Rawat Foundation,foundations
Ronald McDonald House Charities,NGOs
Sony,private sector corporations
Sony Online Entertainment,private sector corporations
Underwriters Laboratories,private sector corporations
Univision,private sector corporations
US Airways,private sector corporations
Arcos Dorados B.V.,private sector corporations
J. Willard and Alice S. Marriott Foundation,foundations
Nicaraguan Red Cross,red cross
Darden Restaurants,private sector corporations
Honeywell,private sector corporations
Goddard Enterprises Limited,private sector corporations
Shipman & Goodwin LLP,private sector corporations
Benfica Foundation,foundations
Biomet Inc.,private sector corporations
Kubota Corporation,private sector corporations
"Summer Infant, Inc.",private sector corporations
United Methodist Church,private individual organisations
"Chung Te Buddhist Association of NY, Inc.",private sector corporations
American Egg Board,private sector corporations
Caritas Manila,NGOs
PokerStars,private sector corporations
BLU-MED Response Systems,Private sector corporations
FUJIFILM Holdings Corporation,private sector corporations
BD,other
Goldman Sachs Group,private sector corporations
Mosaic Company,private sector corporations
C & S Wholesale Grocers,private sector corporations
Inasmuch Foundation,foundations
Giant Food Stores,private sector corporations
Nestle,private sector corporations
Daystar Christian Centre,academia/think/research
Convoy of Hope,NGOs
Catholic Diocese of Erie,private individual organisations
Toshiba Group,private sector corporations
ANGLO AMERICAN PLC,private sector corporations
Care Germany,NGOs
Kinross,private sector corporations
International Programme for the Development of Communication,UN Multi
Federation Internationale de Football Association (FIFA),foundations
South American Football Confederation (CONMEBOL),private individual organisations
PotashCorp,private sector corporations
Hyundai Motor Company,private sector corporations
Airbus Foundation,foundations
International Criminal Court,Other multi
Fondation de l'Ordre de Malte pour le Liban,NGOs
"Ameriprise Financial, Inc.",private sector corporations
USA Friends Private,NGOs
ENDESA Group,private individual organisations
BASF,private sector corporations
IBN SINA,private sector corporations
Agenzia Italiana Risposta Emergenze,NGOs
Boston Foundation,foundations
Hy-Vee Inc.,private sector corporations
Lloyd A. Fry Foundation,foundations
Associated Banc-Corp,private individual organisations
Carnegie Corporation of New York,foundations
Global Children Foundation,foundations
Terre des Hommes - Germany,NGOs
Terre des Hommes - Italy,NGOs
Great Family Organization,private individual organisations
UN Central Fund for Influenza Action,UN Multi
Korean Broadcast Company,private sector corporations
Banesco Bank Venezuela,private sector corporations
Zanfha Initiative,private individual organisations
Management Sciences for Health,NGOs
Mine Action Programme for Afghanistan,other
Oregon Community Foundation,foundations
California Endowment,private sector corporations
Lisa and Douglas Goldman Fund,foundations
Have It Your Way Foundation,foundations
Roy A. Hunt Foundation,foundations
Cleveland Foundation,foundations
Windy International Youth Foundation,NGOs
UN Spouses Bazaar,UN Multi
Kresge Foundation,foundations
Gambia,NDD
Seattle Foundation,foundations
World Meteorological Organization,UN Multi
Daiichi Sankyo,private sector corporations
BRAC,NGOs
Telenor Pakistan,private sector corporations
Northeast Asia Forest Forum,NGOs
Pirelli & C. Societa per Azioni,private sector corporations
Google,private sector corporations
Boeing Company,private sector corporations
GE Foundation,foundations
International Development and Relief Foundation,NGOs
Unilever,private sector corporations
United Nations Mission in Ethiopia and Eritrea,UN Multi
International Relief Solutions LLC,private sector corporations
Cummins Foundation,foundations
BP Foundation,foundations
Pakistan Telecommunication Company LTD.,private sector corporations
"NetSol Technologies, Inc",private sector corporations
Kuwait Joint Relief Committee,private individual organisations
BMW Group,private individual organisations
Equate Petrochemical,private sector corporations
Sheraton Hotel,private sector corporations
Tethyan Copper Company,private sector corporations
JCB,private sector corporations
ICI Pakistan,private sector corporations
Infineon Technologies,private sector corporations
Connacionales del Extranjero,other
BCIE,private sector corporations
Help for school,NGOs
"Guatemala General Council in Miami, Florida",NDD
RAK Ceramics,private sector corporations
Doha Bank,private sector corporations
DynCorp,private sector corporations
ITT Corporation,private sector corporations
Daewoo,private sector corporations
Sud-Chemie AG,private sector corporations
Hillman Family Foundations,foundations
Oklahoma City Community Foundation,foundations
Mobilink Foundation,foundations
United Nations Association in Canada,UN Multi
W.K. Kellogg Foundation,foundations
"Onnuri Church, Rep. of Korea",NGOs
Gaddafi International Charity and Development Foundation (GICDF),NGOs
Coastal Community Foundation of South Carolina,foundations
The Pears Foundation,foundations
United Islamic Center,academia/think/research
Minneapolis Foundation,foundations
San Diego Foundation,foundations
East Bay Community Foundation,foundations
Stabilization and Recovery Funding Facility in Eastern DRC,Other pooled
Islamic Centre of Tucson,academia/think/research
Fondation Assistance Internationale,foundations
Hilina Enriched Food Processing Center PLC,private sector corporations
UNICEF National Committee/San Marino,UN Multi
GMC Services,private sector corporations
M. J. Murdock Charitable Trust,other
"F. M. Kirby Foundation, Inc.",foundations
Community Foundation for Southern Arizona,foundations
The Achelis Foundation,foundations
The Bodman Foundation,foundations
World Conference on Religions for Peace,other
Silicon Valley Community Foundation,foundations
Maldives,NDD
Kimse Yok Mu Solidarity Foundation,foundations
Reach Out To Asia,NGOs
Arab Medical Association,private individual organisations
Consortium of British Humanitarian Agencies,NGOs
Actions Médicales Internationale,NGOs
Astellas,private sector corporations
Brother Industries Ltd.,private sector corporations
Philadelphia Insurance Companies,private sector corporations
DCH Auto Group,private sector corporations
Delta Development Program,private individual organisations
Aflac,private sector corporations
Manulife Financial Corporation,private sector corporations
Gap Inc.,private sector corporations
H-E-B,private sector corporations
Jones Lang LaSalle,private sector corporations
KCI,private sector corporations
Levi Strauss Foundation,foundations
Lockheed Martin,private sector corporations
Lupin,private sector corporations
McDonald's Corporation,private sector corporations
"Molycorp, Inc.",private sector corporations
Nikon,private sector corporations
Nukepills,private sector corporations
Tasa Meng,private sector corporations
Wells Fargo & CO,private sector corporations
BNPP,private sector corporations
Bulgarian Red Cross,red cross
First Moscow Gymnasium,academia/think/research
VITOL,private sector corporations
Bank of Palestine,private sector corporations
Chemonics International Inc.,private sector corporations
First National Bank of Namibia,private sector corporations
Afghan Technical Consultants,private individual organisations
Lindner Foundation Uganda,foundations
CARITAS INTERNATIONALIS,NGOs
Aayo Development Foundation,NGOs
UN Stabilization and Recovery - DRC,UN Multi
South Sudan ERF (until 2014),CBPF
United Nations Disengagement Observer Force,UN Multi
HEMCO,private sector corporations
B2Gold,private sector corporations
FUNDACION LA CAIXA (FLC),foundations
Kuwaiti Social Reform Society,private individual organisations
Soka Gakkai,NGOs
WEFA HUMANITARIAN RELIEF ORGANIZATION,other
Canadian Coalition,NGOs
"INTERVIDA FOUNDATION, SPAIN",foundations
