Donor,donorcountryid
Sweden,SE
Norway,NO
Food & Agriculture Organization of the United Nations,Total DAC
Netherlands,NL
South Sudan Humanitarian Fund,Total DAC
Finland,FI
United States of America,US
India,IN
Denmark,DK
Japan,JP
African Union,Total DAC
Switzerland,CH
Saudi Arabia (Kingdom of),SA
European Commission's Humanitarian Aid and Civil Protection Department,EU Institutions
Private (individuals & organizations),Total DAC
Brazil,BR
Australia,AU
Iraq Humanitarian Fund,Total DAC
Austria,AT
Belgium,BE
International Organization for Migration,Total DAC
International Fund for Agricultural Development,Total DAC
United Kingdom,GB
Italy,IT
Trust Fund for Human Security,Total DAC
Germany,DE
Poland,PL
World Food Programme,Total DAC
Estonia,EE
Romania,RO
ACT Alliance / Interchurch Organisation for Development Co-operation,Total DAC
Luxembourg,LU
US Fund for UNICEF,Total DAC
Ireland,IE
UN Peacebuilding Fund,Total DAC
European Commission,EU Institutions
International Federation of Red Cross and Red Crescent Societies,Total DAC
China,CN
Indonesia,ID
South Africa,ZA
Cuba,CU
France,FR
United Nations Development Programme,Total DAC
Central Emergency Response Fund,Total DAC
Sudan Humanitarian Fund,Total DAC
Canada,CA
Organisation of the Islamic Conference,Total DAC
"Global Fund to Fight AIDS, Tuberculosis and Malaria",Total DAC
Oman,OM
Russian Federation,RU
Spain,ES
United Nations High Commissioner for Refugees,Total DAC
Cote d'Ivoire,CI
occupied Palestinian territory Humanitarian Fund,Total DAC
Syrian Arab Republic Humanitarian Fund,Total DAC
Lebanon Humanitarian Fund,Total DAC
"Korea, Republic of",KR
UNICEF National Committee/Hellenic,Total DAC
UNICEF National Committee/Belgium,Total DAC
UNICEF National Committee/Italy,Total DAC
United Nations Children's Fund,Total DAC
Democratic Republic of the Congo Humanitarian Fund,Total DAC
United Arab Emirates,AE
UNICEF National Committee/United Kingdom,Total DAC
Czech Republic,CZ
United Nations Interim Force in Lebanon,Total DAC
United Nations Peacekeeping Force in Cyprus,Total DAC
Office for the Coordination of Humanitarian Affairs,Total DAC
UNICEF National Committee/France,Total DAC
UNICEF National Committee/Germany,Total DAC
OPEC Fund for International Development,Total DAC
UNICEF National Committee/Spain,Total DAC
UNICEF National Committee/Slovenia,Total DAC
UNICEF National Committee/Sweden,Total DAC
UNICEF National Committee/Turkey,Total DAC
Children's Investment Fund Foundation,Total DAC
Central African Republic Humanitarian Fund,Total DAC
Arab Gulf Programme for United Nations Development Organizations,Total DAC
Myanmar Humanitarian Fund,Total DAC
Organization for Social Development Initiatives,Total DAC
Pakistan,PK
Iceland,IS
Singapore,SG
New Zealand,NZ
UNICEF National Committee/Australia,Total DAC
UNICEF National Committee/Hong Kong,Total DAC
UNICEF National Committee/Israel,Total DAC
Singapore Red Cross Society,Total DAC
Malawi,MW
Mexico,MX
African Development Bank,Total DAC
Sri Lanka,LK
Chile,CL
Asian Development Bank,Total DAC
Latvia,LV
WPD,Total DAC
Sovereign Military Order of Malta,Total DAC
Andorra,AD
Ukraine,UA
Liechtenstein,LI
Myanmar,MM
Mongolia,MN
Qatar,QA
Kuwait,KW
Turkey,TR
Argentina,AR
Greece,GR
Thailand,TH
Hungary,HU
Uruguay,UY
Armenia,AM
Djibouti,DJ
Bulgaria,BG
Ethiopia Humanitarian Fund,Total DAC
Afghanistan,AF
International Islamic Charitable Organization,Total DAC
Colombia Humanitarian Fund,Total DAC
Aga Khan Development Network,Total DAC
Bill and Melinda Gates Foundation,Total DAC
Global Partners,Total DAC
"United Nations Educational, Scientific and Cultural Organization",Total DAC
Médecins sans Frontières,Total DAC
Montenegro,ME
OXFAM GB,Total DAC
Save the Children,Total DAC
Moldova,MD
UNICEF National Committee/Switzerland,Total DAC
Association of Southeast Asian Nations,Total DAC
Republic of Korea National Red Cross,Total DAC
Afghanistan ERF (until 2014),Total DAC
FOCUS International,Total DAC
"Congo, Democratic Republic of the ERF (until 2013)",Total DAC
Haiti Humanitarian Fund,Total DAC
Pakistan Humanitarian Fund,Total DAC
Malta,MT
Indonesia ERF (until 2014),Total DAC
Kenya ERF (until 2014),Total DAC
Yemen Humanitarian Fund,Total DAC
Zimbabwe ERF (until 2014),Total DAC
Colombia,CO
UN Foundation,Total DAC
United Nations Mine Action Service,Total DAC
Philippines,PH
Faeroe Islands,FO
Brunei Darussalam,BN
Triangle Génération Humanitaire,Total DAC
OCHA NGO Funds,Total DAC
Cyprus,CY
UNICEF National Committee/Austria,Total DAC
UNICEF National Committee/Canada,Total DAC
UNICEF National Committee/Iceland,Total DAC
UNICEF National Committee/Ireland,Total DAC
UNICEF National Committee/Korea (Republic of),Total DAC
UNICEF National Committee/New Zealand,Total DAC
UNICEF National Committee/Portugal,Total DAC
UNICEF National Committee/Slovakia,Total DAC
Azerbaijan,AZ
UN Programme on HIV/AIDS,Total DAC
Somalia Humanitarian Fund,Total DAC
Slovakia,SK
Slovenia,SI
Lithuania,LT
American Friends of UNRWA,Total DAC
Monaco,MC
United Nations Assistance Mission in Iraq,Total DAC
UNICEF National Committee/Luxembourg,Total DAC
Salvation Army,Total DAC
Caritas New Zealand,Total DAC
Jordan Humanitarian Fund,Total DAC
Zimbabwe,ZW
Croatia,HR
Israel,IL
UNICEF National Committee/Japan,Total DAC
UNICEF National Committee/Netherlands,Total DAC
San Marino,SM
United Nations Population Fund,Total DAC
European Commission EuropeAid Development and Cooperation,EU Institutions
Pan-American Health Organization (World Health Organization),Total DAC
United Nations Joint Programme on HIV/AIDS,Total DAC
Movitel,Total DAC
Botswana,BW
Egypt,EG
Lao (People's Democratic Republic),LA
Private Agencies Collaborating Together,Total DAC
World Health Organization,Total DAC
Georgia,GE
UNICEF National Committee/Norway,Total DAC
United Nations Humanitarian Air Service,Total DAC
Malaysia,MY
Austrian Red Cross,Total DAC
British Red Cross,Total DAC
Swiss Red Cross,Total DAC
Canadian Red Cross Society,Total DAC
Swedish Red Cross,Total DAC
Cyprus Red Cross,Total DAC
Kuwait Red Crescent Society,Total DAC
Libya Red Crescent,Total DAC
Turkish Red Crescent Society,Total DAC
United Nations Economic and Social Commission for Asia and the Pacific,Total DAC
Kazakhstan,KZ
Morocco,MA
Centers for Disease Control,US
Rotary International,Total DAC
Caritas Hong kong,Total DAC
United Nations Mission in Kosovo,Total DAC
UNICEF National Committee/Denmark,Total DAC
Eritrea,ER
Holy See,VA
Stromme Foundation,Total DAC
Japanese Red Cross Society,Total DAC
World Bank,Total DAC
German Red Cross,Total DAC
Italian Red Cross,Total DAC
Les Amis du Liban,Total DAC
New Zealand Red Cross,Total DAC
Red Crescent Society of the United Arab Emirates,Total DAC
Darfur Peace and Stability Fund,Total DAC
Caritas Switzerland,Total DAC
UNRWA Spanish Committee,Total DAC
Americares,Total DAC
Norwegian Red Cross,Total DAC
Peru,PE
USA Friends of WFP,Total DAC
Jersey Overseas Aid,Total DAC
European Commission Directorate General for Development,EU Institutions
"Gift of the Givers Foundation (Pietermaritzburg, RSA)",Total DAC
Mozambique,MZ
Spanish Red Cross,Total DAC
Tunisian Red Crescent,Total DAC
COFRA,Total DAC
Disasters Emergency Committee (UK),Total DAC
Netherlands Red Cross,Total DAC
Saudi Arabian Red Crescent Society,Total DAC
Al-Islah Association,Total DAC
Al Najat Charitable Society,Total DAC
Patient's Help Fund,Total DAC
Shaik Abdallah Nouri Association,Total DAC
International Islamic Relief Organization,Total DAC
Islamic Relief Worldwide,Total DAC
Arab Medical Union,Total DAC
Union of Relief Organizations - Lebanon,Total DAC
Mekka Association,Total DAC
Danish Red Cross,Total DAC
Finnish Red Cross,Total DAC
UNICEF National Committee/Poland,Total DAC
National Commission for Lebanese Women,LB
Qatar Red Crescent Society,Total DAC
UNICEF National Committee/Hungary,Total DAC
UNICEF National Committee/Finland,Total DAC
Namibia,NA
Serbia,RS
UNDP Administered Trust Fund,Total DAC
Republic of South Sudan,SS
Algeria,DZ
Hellenic Red Cross,Total DAC
Concern Worldwide,Total DAC
Elena Trevisanato Onlus Foundation,Total DAC
Don Bosco Mondo Prokur,Total DAC
Empress Shoken Fund,Total DAC
Museke Foundation,Total DAC
Butterfly Onlus Foundation,Total DAC
Global Thematic Partners,Total DAC
IFRC Disaster Relief Emergency Fund,Total DAC
International Committee of the Red Cross,Total DAC
American Red Cross,Total DAC
Sprint Foundation,Total DAC
Portugal,PT
Iraq,IQ
Icelandic Red Cross,Total DAC
Bahrain,BH
Norwegian Refugee Council,Total DAC
Solidarités International,Total DAC
ACF - France,Total DAC
Chaine du Bonheur,Total DAC
Stichting Vluchteling,Total DAC
Deutsche Stiftung,Total DAC
Australian Red Cross,Total DAC
Kenya,KE
CAN FOUNDATION,Total DAC
Human Appeal International (UAE),Total DAC
United Nations Department of Safety and Security,Total DAC
IKEA Foundation,Total DAC
Organization of Petroleum Exporting Countries Fund,Total DAC
Deutsche Telekom,Total DAC
CARITAS / Catholic Relief Services,Total DAC
Action by Churches Together (ACT),Total DAC
Ford Foundation,Total DAC
Canadian Food Grains Bank,Total DAC
Red Cross Society of China,Total DAC
Accenture,Total DAC
Roddick Foundation,Total DAC
Target,Total DAC
International Labour Organization,Total DAC
Ecuador,EC
Sheikh Thani bin Abdullah Foundation for Humanitarian Services (RAF),Total DAC
Mahvash and Jahangir Siddiqui Foundation,Total DAC
General Secretariat of Awkaf,Total DAC
Kuwaiti Society for Relief,Total DAC
Oman Charitable Organisation,Total DAC
Qatar Charity,Total DAC
Al ghara Charity Organization-Jordan,Total DAC
UNICEF National Committee/Indonesia,Total DAC
UNICEF National Committee/Andorra,Total DAC
Baha'i International Community,Total DAC
Guyana,GY
United Nations Human Settlements Programme (UN-HABITAT),Total DAC
Community Chest Korea,Total DAC
"One UN Fund, EFW",Total DAC
Mali,ML
Trinidad and Tobago,TT
UNICEF National Committee/Czech Republic,Total DAC
The Asfari Foundation,Total DAC
Education Above All Foundation,Total DAC
Uganda ERF (until 2010),Total DAC
Specially Designated Contributions (OCHA),Total DAC
Red Cross of Viet Nam,Total DAC
Viet Nam,VN
Waqf Alghanem and Othman mosques,Total DAC
World Assembly of Muslim Youth,Total DAC
Foundation-NL,Total DAC
Rural Initiatives in Sustainability and Empowerment,Total DAC
Samsung Group,Total DAC
Eli Lilly,Total DAC
National Basketball Association,Total DAC
Hong Kong Special Administrative Region of the People's Republic of China,HK
Samenwerkende Hulporganisaties,Total DAC
UN Voluntary Trust Fund for Technical Cooperation,Total DAC
UPS Foundation,Total DAC
Central African Republic,CF
Friends of UNFPA,Total DAC
Virgin Unite,Total DAC
Africa Solidarity Trust Fund,Total DAC
Johnson & Johnson,Total DAC
Swiss Academy of Development,Total DAC
Belarus,BY
Council of Europe Development Bank,Total DAC
Soros Foundation Open Society Institute,Total DAC
Help Syria through the Winter Foundation,Total DAC
Afghanistan Humanitarian Fund,Total DAC
Intel,Total DAC
UN Trust Fund,Total DAC
Khazanah Nasional,MY
Rockefeller Foundation,Total DAC
Start Fund,Total DAC
Nigeria,NG
Irish Red Cross Society,Total DAC
Red Crescent Society of the Islamic Republic of Iran,Total DAC
Deutsche Gesellschaft für Internationale Zusammenarbeit,Total DAC
Slovenian Red Cross,Total DAC
Belgian Red Cross,Total DAC
Islamic Development Bank,Total DAC
"INTERPAL, UK",Total DAC
Khalifa Bin Zayed Al Nahyan Foundation,Total DAC
NGOs (details not yet provided),Total DAC
Société Anglogold Ashanti de Guinée,Total DAC
"Congo, Democratic Republic of",CD
Robert Wood Johnson Foundation,Total DAC
Paul G. Allen,Total DAC
GlaxoSmithKline,Total DAC
ExxonMobil,Total DAC
Chilean Red Cross,Total DAC
Open Society Foundations,Total DAC
Coca-Cola Foundation,Total DAC
Coca-Cola Company,Total DAC
ArcelorMittal Foundation,Total DAC
Legatum Foundation,Total DAC
William and Flora Hewlett Foundation,Total DAC
Cigna Foundation,Total DAC
Hospital Corporation of America,Total DAC
McKesson Corporation,Total DAC
Chevron Corporation,Total DAC
General Electric,Total DAC
Aliko Dangote's Foundation,Total DAC
Tony Elumelu Foundation,Total DAC
"Cera Products, Inc",Total DAC
Stavros Niarchos Foundation,Total DAC
Seplat Petroleum Development Company Plc,Total DAC
National Oil Company of Liberia,Total DAC
Liberia Petroleum Company,Total DAC
Mercury International,Total DAC
EcoBank,Total DAC
Canadian Imperial Bank of Commerce,Total DAC
Western Union Foundation,Total DAC
Sierra Minerals Holdings/Vimetco,Total DAC
FedEx,Total DAC
Shell Oil Company,Total DAC
TOTAL,Total DAC
Ericsson,Total DAC
Andorran Red Cross,Total DAC
Taiwan Red Cross Society,Total DAC
Kaiser Permanente,Total DAC
Scotiabank,Total DAC
Sun Life Financial Inc.,Total DAC
TD Bank,Total DAC
DuPont,Total DAC
Egyptian Red Crescent Society,Total DAC
French Red Cross,Total DAC
Alcoa Foundation,Total DAC
Venezuela,VE
Red Cross of Monaco,Total DAC
Bayer,Total DAC
Thai Red Cross Society,Total DAC
Cisco Foundation,Total DAC
IBM,Total DAC
African Rainbow Minerals,Total DAC
VOLVO,Total DAC
Novo Nordisk,Total DAC
Ebola Response Multi-Partner Trust Fund,Total DAC
Procter & Gamble Inc.,Total DAC
CARE International,Total DAC
World Vision International,Total DAC
United Nations,Total DAC
Novartis,Total DAC
Swiss Solidarity,Total DAC
Helping Hand for Relief and Development,Total DAC
Mohamed Bin Rashid Al Maktoum Humanitarian and Charity Establishment,Total DAC
United Nations Fund for International Partnerships,Total DAC
Citigroup,Total DAC
IGAD Partnership Forum,Total DAC
GlobalGiving,Total DAC
Intergov Authority on Development,Total DAC
UN TF for Int'l Coop&Dev,Total DAC
WELLCOME TRUST,Total DAC
NGO Consortium,Total DAC
UNICEF National Committees,Total DAC
Syria Cross-border Humanitarian Fund,Total DAC
Pacific Islands Forum,Total DAC
South Pacific Applied Geoscience Commission,Total DAC
Taiwan International Cooperation and Development Fund,Total DAC
ACT Alliance / Lutheran World Federation,Total DAC
NaCSA/World Bank,Total DAC
ECHO DFID contribution,GB
Costa Rica,CR
Jordan Hashemite Charity Organization,Total DAC
Dubai Cares (UAE),Total DAC
Chad,TD
United Nations Relief and Works Agency for Palestine Refugees in the Near East,Total DAC
UNICEF National Committee/Lithuania,Total DAC
Mauritius,MU
Bolivia,BO
Togo,TG
Cameroon,CM
Bhutan,BT
Bangladesh,BD
World Jewish Relief,Total DAC
ASYA SAR - KYM,Total DAC
Community Research and Development Organization,Total DAC
International Rescue Committee,Total DAC
Peace and Development Organization,Total DAC
World Vision Pakistan,Total DAC
Initiative for Development and Empowerment Axis,Total DAC
IDeA Foundation,Total DAC
United Nations Advance Mission in Sudan,Total DAC
European Children's Trust,Total DAC
Economic Community of West African States,Total DAC
UN Women,Total DAC
T. Kuroyanagi,Total DAC
Medicor Foundation,Total DAC
UN Resident Coordinator's Office,Total DAC
Danish Refugee Council,Total DAC
Livelihoods and Food Security Trust Fund,Total DAC
Three Millennium Development Goal Fund (3MDG),Total DAC
Iran,IR
Antigua and Barbuda,AG
Barbados,BB
Saint Lucia,LC
Saint Vincent and the Grenadines,VC
Caribbean Development Bank,Total DAC
Sudan,SD
Rotary Club of Shanghai,Total DAC
Adventist Development and Relief Agency,Total DAC
OXFAM/Community Aid Abroad (OXFAM-Australia),Total DAC
Office of the High Commissioner for Human Rights,Total DAC
Nepal,NP
International Medical Corps,Total DAC
Cook Islands,CK
Fiji,FJ
Community Peace Fund,Total DAC
Jordan,JO
United Nations Voluntary Trust Fund on Mine Action,Total DAC
UN Agencies,Total DAC
Mennonite Central Committee,Total DAC
United Nations Disaster Management Team,Total DAC
Uniqlo,Total DAC
American National Committee for UNRWA,Total DAC
Nauru,NR
Tonga,TO
French Polynesia,PF
Oil for Food Programme,Total DAC
UK for UNHCR,Total DAC
Japan Association for UNHCR,Total DAC
Rahma International Society,Total DAC
Organization for Security & Cooperation in Europe,Total DAC
Fuel Relief Fund,Total DAC
League of Arab States,Total DAC
Madagascar,MG
Norwegian Aid Committee,Total DAC
Niger,NE
Allocation of unearmarked funds by MINUSMA,Total DAC
American Express Company,Total DAC
Citi,Total DAC
Microsoft,Total DAC
MoneyGram International,Total DAC
New York Life Insurance Company,Total DAC
UN Human Security Trust Fund,Total DAC
Repsol Foundation,Total DAC
Inter-American Development Bank,Total DAC
United Nations Capital Development Fund,Total DAC
Samaritan's Purse,Total DAC
International Olympic Committee,Total DAC
International Assistance Mission,Total DAC
UN Women's Guild,Total DAC
Sierra Leone,SL
European Commission - EU Facility for Refugees in Turkey,EU Institutions
Cargill,Total DAC
Southern African Development Community,Total DAC
Syrian Arab Popular Committee,Total DAC
Luxembourg Red Cross,Total DAC
Uganda,UG
Italian National Committee for UNRWA,Total DAC
Switzerland National Committee for UNRWA,Total DAC
Secours Populaire Francais,Total DAC
Eaux de Marseille (Société des),Total DAC
Médecins du Monde,Total DAC
Action d'Urgence International,Total DAC
Honduras,HN
Kohl's Department Stores,Total DAC
Latter-Day Saint Charities,Total DAC
National Football League,Total DAC
Walmart Foundation,Total DAC
Starbucks Foundation,Total DAC
Direct Relief,Total DAC
United Nations Industrial Development Organization,Total DAC
British Virgin Islands,VG
Dominica,DM
Jamaica,JM
Turks and Caicos Islands,TC
Handicap International / Humanity & Inclusion,Total DAC
Medilor,Total DAC
Multi-Partner Trust Fund,Total DAC
Lesotho,LS
The Future of Global Health,Total DAC
United Nations Department of Peace-Keeping Operations,Total DAC
"Becton, Dickson and Company",Total DAC
Mastercard Foundation,Total DAC
National Bank of Canada,Total DAC
PepsiCo Foundation,Total DAC
EU Regional Trust Fund in Response to the Syrian Crisis (Madad Fund),EU Institutions
Allocation of unearmarked funds by UNDEF,Total DAC
Papua New Guinea,PG
DHL International,Total DAC
Agility,Total DAC
Ethiopia,ET
Korean Sharing Movement,Total DAC
Korean Welfare Foundation,Total DAC
European Commission Directorate-General External Relations,EU Institutions
"Korean Reconciliation Committee, Archdiocese of Korea",Total DAC
KADECO,Total DAC
World Vision Korea,Total DAC
South-North Sharing Campaign for Peace and Reunification,Total DAC
Council of Governors - Rotary Korea,Total DAC
One Korea Buddhist Movement,Total DAC
Okedongmu Children in Korea,Total DAC
Eugene Bell Foundation,Total DAC
Forest for Peace,Total DAC
Good Neighbours Inc,Total DAC
JTS-Korea,Total DAC
Catholic Agency for Overseas Development,Total DAC
Medical Aids for Children of DPRK,Total DAC
Jungbu Annual Conference of the KMC,Total DAC
Lions Clubs International Foundation,Total DAC
Seobu Annual Conference of the KMC,Total DAC
Oak Foundation,Total DAC
John S. and James L. Knight Foundation,Total DAC
John D. and Catherine T. MacArthur Foundation,Total DAC
United Nations Mission of Support in East Timor,Total DAC
Terre des Hommes International,Total DAC
Plan International,Total DAC
Water Missions International,Total DAC
Catholic Relief Services,Total DAC
Dutch Postcode Lottery,Total DAC
UN Action Against Sexual Violence in Conflict,Total DAC
Action Contre la Faim,Total DAC
Arbeiter-Samariter-Bund Deutschland e.V,Total DAC
Yemen,YE
United Nations Office for Project Services,Total DAC
MIRC Corporate,Total DAC
KFW Development,DE
ACF - Spain,Total DAC
Paraguay,PY
Uganda Red Cross Society,Total DAC
Tanzania Red Cross National Society,Total DAC
ACT Alliance / DanChurchAid,Total DAC
Seychelles Red Cross Society,Total DAC
Mauritius Red Cross Society,Total DAC
Kenyan Red Cross Society,Total DAC
Ethiopian Red Cross Society,Total DAC
Djibouti Red Crescent Society,Total DAC
ACT Alliance / Norwegian Church Aid,Total DAC
European Commission Civil Protection Mechanism,EU Institutions
Medico International,Total DAC
DIOTIMA Centre of research on Women's Issues,Total DAC
Swiss Development Cooperation/Swiss Humanitarian Aid,CH
World Vision Taiwan,Total DAC
World Vision Australia,Total DAC
ACT Alliance / Diakonie Katastrophenhilfe,Total DAC
International Fund for Animal Welfare,Total DAC
Iraq Trust Fund (OCHA),Total DAC
INTERSOS Humanitarian Aid Organization,Total DAC
United Nations Voluntary Fund for Victims of Torture,Total DAC
Agency for Technical Cooperation and Development,Total DAC
Namibia Red Cross,Total DAC
Malawi Red Cross Society,Total DAC
Botswana Red Cross Society,Total DAC
War Child Holland,Total DAC
TEARFUND,Total DAC
Humanitarian Innovation Fund,Total DAC
Deutsche Welthungerhilfe e.V. (German Agro Action),Total DAC
Mercy Corps,Total DAC
World Poultry Foundation,Total DAC
Liberia,LR
National Council of Saemaul Undong Movement,Total DAC
Korean Church Federation of Support for North Korea,Total DAC
One Buddhism,Total DAC
Korea Food for the Hungry International,Total DAC
International Corn Foundation,Total DAC
National Coalition of NGOs for Inter-Korea Agricultural Development and Cooperation,Total DAC
The General Assembly of Presbyterian Church in Korea,Total DAC
Association of South-North Kang-Won Province Cooperation,Total DAC
21 Century Unification Service Organization,Total DAC
National Agricultural Cooperative Federation,Total DAC
GOAL,Total DAC
DOB Foundation,Total DAC
The Kvinna till Kvinna Foundation,Total DAC
Libya,LY
Radiohjälpen (Radio Aid Sweden),Total DAC
ACT Alliance / Christian Aid,Total DAC
OXFAM,Total DAC
EO Metterdaad,Total DAC
Christelijke Gereformeerde Kerken   (Christian Reform Churches),Total DAC
ACT Alliance / World Renew,Total DAC
JT International Foundation,Total DAC
Caritas Japan,Total DAC
Caritas Italy,Total DAC
Canadian Catholic Organization for Development and Peace (Caritas Canada),Total DAC
Caritas Korea,Total DAC
Caritas Germany (DCV),Total DAC
Secours Catholique - Caritas France,Total DAC
Fonds Social de la République Démocratique du Congo,Total DAC
Kuwait Fund for Arab Economic Development,KW
Arab League,Total DAC
Catholic Organisation for Relief and Development Aid,Total DAC
Pope for Ukraine,Total DAC
SOS Kinderdorf,Total DAC
Associazione Volontari per il Servizio Internazionale,Total DAC
TEAR Fund New Zealand,Total DAC
Mercy Corps Scotland,Total DAC
Practical Action (formerly Intermediate Technology Development Group),Total DAC
American Refugee Committee,Total DAC
World Relief,Total DAC
World Vision Sudan,Total DAC
OXFAM America,Total DAC
Mission de l'Organisation des Nations Unies pour la Stabilisation en RD Congo,Total DAC
CARE International Switzerland in Sudan,Total DAC
AlertNet,Total DAC
Dutch Relief Alliance,Total DAC
CE & S,Total DAC
Nigeria Humanitarian Fund,Total DAC
Coin Co. International,Total DAC
Intergovernmental Authority on Development,Total DAC
ACT Alliance / Church of Sweden,Total DAC
LEGO Foundation,Total DAC
CARITAS,Total DAC
Kulczyk Foundation,Total DAC
action medeor e.V.,Total DAC
Relief International,Total DAC
Kuwait Awqaf General Secretariat,KW
Kuwait Zakat House,KW
United States Department of Defense,US
Fondation Internationale Carrefour,Total DAC
ACT Alliance / Finn Church Aid,Total DAC
Norwegian People's Aid,Total DAC
Light for the World,Total DAC
International Resources Group,Total DAC
Humanity United,Total DAC
Family Charitable Organisation,Total DAC
Associazione di Cooperazione allo Sviluppo,Total DAC
The Nando and Elsa Peretti Foundation,Total DAC
Baby Box Company,Total DAC
"Voice for Peace, Protection and Development",Total DAC
WFP Immediate Response Account,Total DAC
Al-Khair Foundation,Total DAC
Malteser International Order of Malta World Relief,Total DAC
Cooperazione Internazionale - COOPI,Total DAC
Japan Committee for Refugee Relief,Total DAC
Facebook,Total DAC
Moroccan Red Crescent,Total DAC
ZOA,Total DAC
Office of the United Nations Special Coordinator for the Middle East Peace Process,Total DAC
United Nations Office on Drugs and Crime,Total DAC
The Israel Forum for International Humanitarian Aid,Total DAC
Somali Diaspora Aid Action Group,Total DAC
Tear Australia,Total DAC
ACT Alliance,Total DAC
Dorcas Aid International,Total DAC
Education Cannot Wait Fund,Total DAC
Communicating with Disaster Affected Communities,Total DAC
Slovak Red Cross,Total DAC
World Vision New Zealand,Total DAC
Pax Christi e.V,Total DAC
American Jewish World Service,Total DAC
Aid Development Botswana,Total DAC
World Mission Society Church of God,Total DAC
ACT Alliance / United Methodist Committee on Relief,Total DAC
Secours Islamique France,Total DAC
King Abdullah Foundation,Total DAC
Angola,AO
EZINGO Central African Republic Multi-Partner Trust Fund,Total DAC
UN Department of Economic and Social Affairs,Total DAC
Digicel Group,Total DAC
Interchurch Medical Assistance World Health,Total DAC
Bank of Ireland,Total DAC
Electric Aid,Total DAC
Mary's Meals,Total DAC
United Nations Environment Programme,Total DAC
Expertise France,FR
ActionAid International,Total DAC
EPRO,Total DAC
UNICEF Croatia,Total DAC
Bosnia & Herzegovina,BA
European Union trust fund Bekou in CAR,EU Institutions
Population Services International,Total DAC
King Salman Humanitarian Aid and Relief Center,Total DAC
International NGO Safety Organisation,Total DAC
"Frontiers, Ruwad Association",Total DAC
Preemptive Love Coaliton,Total DAC
GAVI Alliance,Total DAC
"Sunnaas sykehus HF, Forskningsavdelingen",Total DAC
Ruedi Lüthy Foundation,Total DAC
REACH Initiative,Total DAC
Watan Khayr Charity Foundation,Total DAC
Internews,Total DAC
"ACT Alliance / Diakonia, Sweden",Total DAC
Great Lakes Initiative Project HIV/AIDS,Total DAC
United Nations Foundation,Total DAC
Muslim Aid,Total DAC
Air Serv International,Total DAC
ACT Netherlands,Total DAC
Grupo de Apoio í  Criança (GAC),Total DAC
British Council,Total DAC
Polish Red Cross,Total DAC
Operation USA,Total DAC
Syrian Arab Republic,SY
United Nations Multidimensional Integrated Stabilization Mission in the Central African Republic,Total DAC
The Innocent Foundation,Total DAC
Development and Peace,Total DAC
ACT Alliance / Kerk in Actie - Netherlands,Total DAC
Syrian Expatriates Medical Association,Total DAC
HEALTH AND WATER FOUNDATION,Total DAC
Cook Islands Red Cross Society,Total DAC
NoVo Foundation,Total DAC
Oxfam Intermon,Total DAC
Nuestros Pequeños Hermanos,Total DAC
Plan USA,Total DAC
MEDAIR,Total DAC
ShelterBox,Total DAC
Syria Trust for Development,Total DAC
Johanniter Unfallhilfe e.V.,Total DAC
Japan Platform,Total DAC
Fondation Caritas Luxembourg,Total DAC
Kuwait Foundation for the Advancement of Science,Total DAC
Burundi,BI
UNICEF National Committee/Mexico,Total DAC
Deutsche Bank AG,Total DAC
World Vision Somalia,Total DAC
Evangelical Lutheran Church in America,Total DAC
Brother's Brother Foundation,Total DAC
Aga Khan Foundation,Total DAC
Heinrich Böll Foundation,Total DAC
Palestine Right to Return Coalition,Total DAC
Gruppo Volontariato Civile,Total DAC
ACT Alliance / United Church of Canada,Total DAC
National Council of Churches in Australia,Total DAC
HEKS - Hilfswerk der Evangelischen Kirchen Schweiz,Total DAC
ACT Alliance / Diakonie Austria,Total DAC
The Religious Society of Friends (Quakers),Total DAC
Diana Tamari Sabbagh Foundation,Total DAC
ACT Alliance / Bread for the World,Total DAC
Methodist Church,Total DAC
Misereor,Total DAC
Trocaire,Total DAC
People in Need,Total DAC
Agence Française de Développement,FR
Médecins sans Frontières - Belgium,Total DAC
Qawafil for Relief and Development,Total DAC
Bloomberg,Total DAC
Malaysia Red Crescent Society,Total DAC
Gilead Sciences Inc,Total DAC
Mission Aviation Fellowship,Total DAC
Sheikh Abdullah Al-Nouri Charity Society,Total DAC
Pan American Development Foundation,Total DAC
OXFAM International,Total DAC
Stichting War Child,Total DAC
Pakistan Red Crescent Society,Total DAC
ACT Alliance / Church World Service,Total DAC
Solidarités International (SI),Total DAC
Ole Kirk’s Foundation,Total DAC
Burundi Red Cross,Total DAC
International Youth Foundation,Total DAC
Nous Cims,Total DAC
TechnipFMC,Total DAC
South32,Total DAC
The Resource Foundation,Total DAC
Tunisia,TN
Doctors of the World Turkey ( Dünya DoktorlarÄ± DerneÄŸi ),Total DAC
Organization of American States,Total DAC
Telecom Sans Frontieres,Total DAC
Secours Islamique,Total DAC
Bahamas,BS
Red Cross of Serbia,Total DAC
Hungarian Red Cross,Total DAC
Croatian Red Cross,Total DAC
United States Agency for International Development,US
Crown Agents,Total DAC
Thani Bin Abdullah Bin Thani Al-Thani Humanitarian Fund,Total DAC
Global Food Crisis Fund,Total DAC
Movement Centre of Jeju Citizen to Cooperation between South and North,Total DAC
Korea Campus Crusade for Christ,Total DAC
Presbyterian Church of Korea,Total DAC
ACT Alliance / Canadian Lutheran World Relief,Total DAC
Disasters Emergency Committee Cyclone Idai,Total DAC
Aktion Deutschland Hilft,Total DAC
NIRAS,Total DAC
Diocese of Rumbek,Total DAC
IMPACT Initiatives,Total DAC
Frantz Hoffman Foundation,Total DAC
Danish Emergency Relief Fund,DK
JP Morgan Chase,Total DAC
Base Net Organization,Total DAC
The Church of Jesus Christ of Latter-Day Saints,Total DAC
UNICEF National Committee/Malaysia,Total DAC
UNICEF Brazil,Total DAC
Première Urgence Internationale,Total DAC
"Consortium for Southern Africa Food Security Emergency (World Vision, CARE, CRS, & ADRA)",Total DAC
Leopold Bachmann Foundation,Total DAC
Bündnis Entwicklung Hilft,Total DAC
"National Lottery Community Fund, the UK",GB
Hilti Foundation,Total DAC
World Vision Canada,Total DAC
World Vision USA,Total DAC
BRITISH ORG. FOR MEDICAL AND SCIENTIFIC ASSISTANCE,Total DAC
Global Partnership for Education,Total DAC
Médecins du Monde France,Total DAC
Children International,Total DAC
UNITED NATIONS - AFRICAN UNION HYBRID OPERATION IN DARFUR,Total DAC
RONCO Consulting Corporation,Total DAC
RMS Foundation,Total DAC
ADRA/HELP International,Total DAC
Humanitarian Grand Challenge,Total DAC
HALO Trust,Total DAC
Association for Aid and Relief Japan,Total DAC
Swasia Charity Foundation,Total DAC
Alliance for International Medical Action,Total DAC
Première Urgence (until 2010),Total DAC
Wellspring International,Total DAC
UN Delivering AS ONE,Total DAC
Centre for Humanitarian Dialogue,Total DAC
War Child Canada,Total DAC
Action Against Hunger,Total DAC
Women's Refugee Commission,Total DAC
ACT Alliance / Diakonie Emergency Aid,Total DAC
ACT Alliance / Diakonie,Total DAC
UBS,Total DAC
ST. ANDREWS SOCIETY,Total DAC
ZAYED Foundation,Total DAC
Voluntary Service Overseas,Total DAC
Association for People's Cooperation between South and North Korea,Total DAC
UNICEF National Committee/Chile,Total DAC
Children on the Edge,Total DAC
Street Child Organization,Total DAC
The Pacific Community (former South Pacific Commission),Total DAC
OXFAM Australia,Total DAC
Conrad N. Hilton Foundation,Total DAC
Manos Unidas,Total DAC
Fundación Entreculturas - Fe y Alegrí­a,Total DAC
Global Communities,Total DAC
Misean Cara,Total DAC
UK Jesuit Missions,Total DAC
Spanish Jesuit Missions,Total DAC
Haiti,HT
Syria Relief and Development Organization (Sosyal Refah DerneÄŸÄ±),Total DAC
Center for Victims of Torture,Total DAC
Syrian American Medical Society Foundation,Total DAC
African Humanitarian Corps,Total DAC
CARE Somalia,Total DAC
World Church Relief Service,Total DAC
Global Center on Cooperative Security,Total DAC
"BlackRock, Inc.",Total DAC
Bolton Group,Total DAC
CanDO Transforming Humanitarian Action,Total DAC
DWF,Total DAC
Turkmenistan,TM
Kuwait Patients Helping Fund,Total DAC
Humanitarian Relief Society,Total DAC
War Child,Total DAC
Sign of Hope,Total DAC
IOM Development Fund,Total DAC
Multinational Interim Force,Total DAC
Fondation Chanel,Total DAC
Colombia Post-Conflict UN MPTF,Total DAC
Sweet Mickey Foundation,Total DAC
Food for the Hungry International,Total DAC
Hands Up Foundation,Total DAC
United Nations Mission in South Sudan,Total DAC
Isle of Man,IM
OCP AFRICA,Total DAC
CARE Canada,Total DAC
CARE-UK,Total DAC
CARE Luxembourg,Total DAC
"Hand in Hand Appeal, Syria",Total DAC
Hungarian Baptist  Aid Organisation,Total DAC
Caritas Hungary,Total DAC
Hungarian Malteser Charity Service,Total DAC
Asian Disaster Reduction Center,Total DAC
Parthenon Trust,Total DAC
Imperial College,Total DAC
ACT Alliance / Hungarian Interchurch Aid,Total DAC
Evangelical Development Programme,Total DAC
Omidyar Fund,Total DAC
United Nations Development Group Office,Total DAC
One Shekel Campaign in WB,Total DAC
United Nations Transitional Authority in East Timor,Total DAC
Zimbabwe Red Cross,Total DAC
Food for the Poor,Total DAC
World Animal Protection,Total DAC
Kleenheat Gas,Total DAC
Dominican Republic,DO
Liechtenstein Red Cross,Total DAC
Africa Muslims Agency (Johannesburg),Total DAC
IDRC,Total DAC
OXFAM Netherlands (NOVIB),Total DAC
"Palestinian territory, occupied",PS
Chevron Texaco,Total DAC
Organisation Internationale de la Francophonie,Total DAC
Canadian Development and Peace,Total DAC
Albania,AL
International Relief Teams,Total DAC
Equatorial Guinea,GQ
Malta Red Cross Society,Total DAC
"Korea, Democratic People's Republic of",KP
Timor Leste,TL
ROLEX,Total DAC
Rwanda,RW
Lebanon,LB
Senegal,SN
"Macedonia, Former Yugoslav Republic of",MK
Gobi Regional Economic Growth Initiative,Total DAC
HARRODS GROUP,Total DAC
Mauritania,MR
"Ibero-American States Organization for Education, Science & Culture",Total DAC
Palau,PW
United Nations Volunteers Programme,Total DAC
Gabon,GA
UN Economic Commission for Latin America,Total DAC
Swaziland,SZ
European Investment Bank,Total DAC
Serbia and Montenegro,RS
Nicaragua,NI
BIJOU Trust,Total DAC
Trust & Legacies,Total DAC
Barbados Red Cross Society,Total DAC
Seychelles,SC
OXFAM Ireland,Total DAC
OXFAM Hong Kong,Total DAC
Guatemala,GT
IRA Fund,Total DAC
Zambia,ZM
Reunion,FR
International Maritime Organization,Total DAC
Panama,PA
Tuvalu,TV
Albanian Red Cross,Total DAC
Bangladesh Red Crescent Society,Total DAC
Belize Red Cross Society,Total DAC
Bolivian Red Cross,Total DAC
Red Cross Society of Bosnia and Herzegovina,Total DAC
Brazilian Red Cross,Total DAC
Cambodia,KH
Colombian Red Cross Society,Total DAC
Ecuadorian Red Cross,Total DAC
Salvadorean Red Cross Society,Total DAC
Estonia Red Cross,Total DAC
Honduran Red Cross,Total DAC
Latvian Red Cross,Total DAC
"Red Cross of The Former Yugoslav Republic of Macedonia, The",Total DAC
Lithuanian Red Cross Society,Total DAC
Micronesia Red Cross,Total DAC
"Micronesia,  Federated States of",FM
Papua New Guinea Red Cross Society,Total DAC
Paraguayan Red Cross,Total DAC
Portuguese Red Cross,Total DAC
Romanian Red Cross,Total DAC
South African Red Cross Society,Total DAC
Fiji Red Cross Society,Total DAC
Palau Red Cross Society,Total DAC
Ukrainian Red Cross Society,Total DAC
AASAA,Total DAC
Organization for African Unity,Total DAC
Ghana,GH
USA for UNHCR,Total DAC
"United Nations Mission in the DRC (Mission d'Observation des Nations Unies au Congo, MONUC)",Total DAC
Jamaica Red Cross,Total DAC
Uruguayan Red Cross,Total DAC
World Vision Hong Kong,Total DAC
World Vision UK,Total DAC
ACT Alliance / Amity Foundation,Total DAC
Algerian Red Crescent,Total DAC
Bahamas Red Cross Society,Total DAC
Argentine Red Cross,Total DAC
Arab Association for Human Rights,Total DAC
Czech Red Cross,Total DAC
Guyana Red Cross Society,Total DAC
Jordan National Red Crescent Society,Total DAC
Lebanese Red Cross,Total DAC
Mexican Red Cross,Total DAC
Philippine Red Cross,Total DAC
Russian Red Cross Society,Total DAC
Samoa Red Cross Society,Total DAC
Trinidad and Tobago Red Cross Society,Total DAC
Vanuatu Red Cross Society,Total DAC
Venezuelan Red Cross,Total DAC
World Vision Sri Lanka,Total DAC
FOCUS Humanitarian Aid,Total DAC
Lighthouse Association,Total DAC
Association Francaise de soutien a UNHCR,Total DAC
Australia for UNHCR,Total DAC
Association of Medical Doctors of Asia International,Total DAC
Deniz Feneri Yardimlasma ve Dayanisma Dernegi,Total DAC
Abdul Latif Jameel Group,Total DAC
North Atlantic Treaty Organization,Total DAC
Earthquake Relief Fund for Orphans,Total DAC
Tajikistan,TJ
Tzu Chi Foundation,Total DAC
Exactmobile (South Africa),Total DAC
Shinnyo-en,Total DAC
PriceWaterhouseCoopers,Total DAC
UNO-Flüchtlingshilfe e.V.,Total DAC
International Bank for Reconstruction & Development (World Bank),Total DAC
Human Rights and Humanitarian Assistance Foundation,Total DAC
ADC Foundation,Total DAC
Cambodian Red Cross,Total DAC
Nepal Red Cross Society,Total DAC
Caritas Austria,Total DAC
SERVICE plus GMBH,Total DAC
AIG Disaster Relief Fund,Total DAC
Kyrgyzstan,KG
The Asia Foundation,Total DAC
International Relief and Development,Total DAC
International Catholic Migration Commission,Total DAC
Christian Children's Fund,Total DAC
Foundation for Co-existence,Total DAC
National Anti War Front,Total DAC
Disaster Resource Network,Total DAC
Suriname Red Cross,Total DAC
Rissho Koseikai,Total DAC
Standard Chartered Bank,Total DAC
Corporacion andina de fomento,Total DAC
Friends of Love,Total DAC
Church Women Solidarity for Supporting North Korea Children,Total DAC
Korea Buddhist Order Association,Total DAC
Green Hope,Total DAC
Abundant Life Church,Total DAC
Grenada,GD
The Movement Center of Jeju Citizen to Help the North Korea,Total DAC
Africa Self Help Assistance Programme,Total DAC
Korean Farmers' Association,Total DAC
Association of Major Superious of Religious Women in Korea,Total DAC
Kim Seung-Jung,Total DAC
Catholic Priest Association for Justice,Total DAC
WFP Administered Trust Fund,Total DAC
UN Assistance Programme to Afghanistan,Total DAC
Church of Jesus Christ (Johannesburg),Total DAC
Rwandan Red Cross,Total DAC
Packard Foundation,Total DAC
Open Society Institute Assistance Foundation,Total DAC
Juffali Foundation,Total DAC
Bahrain Red Crescent Society,Total DAC
International Telecommunications Union,Total DAC
Swedish Mission Council,Total DAC
Pan American Health and Education Foundation,Total DAC
Disaster Prevention and Preparedness Commission Ethiopia,ET
Firemen without Borders,Total DAC
European Commission Rapid Reaction Mechanism,EU Institutions
Solidaridad Internacional,Total DAC
Australian Aid International,Total DAC
Hope International Development Agency,Total DAC
UNICEF National Committee/Estonia,Total DAC
Asia Pacific Permanent Representatives' Spouses Group,Total DAC
Seylan Bank Limited,Total DAC
Netherlands Refugee Foundation,Total DAC
Medical Emergency Relief International,Total DAC
Ayuda en Acción,Total DAC
World Wildlife Fund,Total DAC
UNICEF National Committee/Oman,Total DAC
Fondazione Un Raggio di Luce,Total DAC
CARE Nepal,Total DAC
"Daiki, Inc.",Total DAC
Plan Niger,Total DAC
Médecins sans Frontières - Switzerland,Total DAC
Vårt land,Total DAC
"Friends of  UNRWA Association, USA",Total DAC
United Nations assessed contributions,Total DAC
"Congo, Republic of",CG
Médicos del Mundo Spain,Total DAC
UNICEF National Committee/Latvia,Total DAC
Telefood Campaign,Total DAC
"Catholic Church, Germany",Total DAC
"Operation Helping Hands, American Samoa",Total DAC
"Episcopal Conference, Peru",Total DAC
Saga Falabella,Total DAC
Cooperation Andina de Fomento,Total DAC
Plan Indonesia,Total DAC
Swedish Cooperative Centre,Total DAC
Chinese Community in Peru,Total DAC
Intl Humanitarian Org World View,Total DAC
"National Fishery Society, Peru",Total DAC
Santa Isabel Market,Total DAC
"Greek Orthodox Ladies Philoptochos Society, Inc.",Total DAC
Gamarra's Merchant Commission,Total DAC
UNDG Iraq Trust Fund,Total DAC
Andean Development Corporation,Total DAC
Luchetti,Total DAC
Espana con ACNUR,Total DAC
Fundacion Paz - Holandesa,Total DAC
Backus y Cervesur,Total DAC
Special Representative of the Secretary-General,Total DAC
Girls are a Treasure Network,Total DAC
ALICORP,Total DAC
Boston Archiepiscopal Diocese,Total DAC
Lima Airport Partners,Total DAC
"Area Staff Union, HQ/Amman",Total DAC
Peru Rail,Total DAC
Juhaina for Industries,Total DAC
Peruvian Private Enterprise Colchones Paraiso,Total DAC
Ripley,Total DAC
Feed the Hungry,Total DAC
The Federation of Korean Industries,Total DAC
D. Stiftung furn UNO-Fluchtlingshilfe E.V.,Total DAC
The Korean Medical Association,Total DAC
Floridon Foundation,Total DAC
Nextel Peru,Total DAC
Humanity First USA,Total DAC
"Central Asian Free Exchange, USA",Total DAC
"Joint Development Associates, USA",Total DAC
Médecins sans Frontières - Netherlands,Total DAC
Caritas India,Total DAC
Evangelical Fellowship of India Commission on Relief,Total DAC
Oxfam India,Total DAC
Project Aparajita - VHAI,Total DAC
Concern India,Total DAC
Catholic Mission,Total DAC
UNDG/EXECCOMM Secretariat,Total DAC
Zimbabwe CHF,Total DAC
CARE Australia,Total DAC
Caritas Peru,Total DAC
Christian Friends of Korea,Total DAC
Medical Assistance Programs International,Total DAC
Foundation Vida Peru,Total DAC
El Salvador,SV
Singapore International Foundation,Total DAC
Children of Peru Foundation (New York),Total DAC
SAFRA Edmond J. Philanthropic Foundation,Total DAC
Light Force International,Total DAC
Lion Aid,Total DAC
Diakonia World Federation,Total DAC
Arab Authority for Agricultural Investment and Development,Total DAC
The Mission Covenant Church of Sweden,Total DAC
Children's Home Society of Minnesota,Total DAC
United Nations Mission in Timor-Leste,Total DAC
Caritas Spain,Total DAC
BID,Total DAC
Puerto Rico,PR
Somalia ERF (until 2012),Total DAC
Multi-Donor Trust Fund for the Sudan,Total DAC
Alexander Bodini Foundation,Total DAC
SANOFI,Total DAC
PMU-Interlife,Total DAC
Islamic Edu. Scien. Cultural Org.,Total DAC
Amitie sans Frontieres,Total DAC
SOLIDAR INGO CONSORTIUM,Total DAC
United Nations Joint Logistics Centre,Total DAC
Caritas/MCC,Total DAC
Flanders Cooperation,Total DAC
Monterey Institute of International Studies,Total DAC
Mercy-USA for Aid and Development,Total DAC
SOS International,Total DAC
Saudi Public Campaign for Lebanon and Palestine,Total DAC
Palestine Red Crescent Society,Total DAC
Welfare Association,Total DAC
Sundry Donors,Total DAC
Human Care International,Total DAC
Kingdom Foundation,Total DAC
Counterpart International,Total DAC
PTT Public Company Limited,Total DAC
Honda,Total DAC
Japan Association for WFP,Total DAC
Khoo Teck Puat Foundation,Total DAC
Samoa,WS
Deniz Feneri Association,Total DAC
Business Roundtable,Total DAC
Schering-Plough Corporation,Total DAC
Abbott Laboratories,Total DAC
Motorola Foundation,Total DAC
Charles Schwab Foundation,Total DAC
Merrill Lynch,Total DAC
General Motors Foundation,Total DAC
"Caterpillar, Inc.",Total DAC
The Nat'l Council of Saemaul Undong  Movement in Korea,Total DAC
Pfizer,Total DAC
Merck & Co. Inc.,Total DAC
US-China Business Council,Total DAC
EMC Corporation,Total DAC
Siemens AG,Total DAC
Daimler,Total DAC
Baxter International Foundation,Total DAC
Linkage Trust,Total DAC
AMURT International,Total DAC
Fondation de France,Total DAC
Tides Foundation,Total DAC
International Air Transport Association,Total DAC
Belarusian Red Cross,Total DAC
Sri Lanka Red Cross Society,Total DAC
Partner Aid International e.V.,Total DAC
Multi-Donor Trust Fund for the Sudan South,Total DAC
SCOR Group,Total DAC
Project HOPE,Total DAC
Baptist World Aid,Total DAC
Indonesian Farmers Funds,Total DAC
Medical Teams International,Total DAC
Uzbekistan,UZ
ACT Alliance / Lutheran World Relief,Total DAC
International Orthodox Christian Charities,Total DAC
The Sigrid Rausing Trust,Total DAC
Office for Intellectual Freedom,Total DAC
Plan Haiti,Total DAC
Digicel Foundation,Total DAC
Burkina Faso,BF
Burma Austria Allianz,Total DAC
Jordanian River Society,Total DAC
Life for Relief and Development,Total DAC
Benin,BJ
Health Partners International Canada,Total DAC
Red Crescent Society of Kyrgyzstan,Total DAC
Lihir Gold Limited,Total DAC
Tanzania,TZ
GlobalMedic,Total DAC
HIVOS,Total DAC
Human Concern International,Total DAC
Foundation for HR and Freedoms and Humanitarian Relief,Total DAC
Doctors Worldwide,Total DAC
Mercy Malaysia,Total DAC
Waatasemu Charity Association,Total DAC
Japanese Kindergarten Association,Total DAC
Sultan Haji Hassanal Bolkiah Foundation,Total DAC
Sheikh Mohammad Shami Foundation,Total DAC
NOMECO,Total DAC
Abu Dhabi National Energy Company,Total DAC
"Al-Aqsa Islamic Society, USA",Total DAC
"ARIGATOU FOUNDATION, JAPAN",Total DAC
JORDAN RIVER FOUNDATION,Total DAC
KINDER USA,Total DAC
"Mercy Relief, Singapore",Total DAC
Deloitte and Touche,Total DAC
"Travian Games, Germany",Total DAC
INDONESIA-PALESTINE FRIENDSHIP INITIATIVE,Total DAC
ISLAMIC HERITAGE SOCIETY,Total DAC
ISLAMIC SHURA COUNCIL OF MICHIGAN,Total DAC
SALAM YA SUGHAR FUND,Total DAC
CRS and Private Foundations,Total DAC
World Vision Support Offices,Total DAC
Medical Aid for Palestinians,Total DAC
Korean Foundation for International Healthcare,Total DAC
Balcombe,Total DAC
Spanish Aced,Total DAC
Fondation Suisse pour le Déminage,Total DAC
SAH - Schweizerisches Arbeiterhilfswerk,Total DAC
Nepal ERF,Total DAC
HSBC Bank Middle East Limited,Total DAC
Operation Blessing International,Total DAC
Wal-Mart,Total DAC
Golden Heart Fund,Total DAC
Association Solidarite Maroc Palestine,Total DAC
Inter Américain de Coopération Agricole,Total DAC
Shell Nigeria,Total DAC
Belize,BZ
Co-ordinating Council Geneva,Total DAC
America Continental 2000,Total DAC
Campbell Soup CO,Total DAC
ConAgra Foods,Total DAC
Assistência Médica Internacional (AMI),Total DAC
Vodafone Group Foundation,Total DAC
Kellogg Corporation,Total DAC
Bank of America Corporation,Total DAC
BMO Financial Group,Total DAC
Go Daddy,Total DAC
Rogers Communications,Total DAC
Walt Disney Corporation,Total DAC
Lance Armstrong Foundation,Total DAC
Jolie-Pitt Foundation,Total DAC
Suriname,SR
Jefferies Group Inc,Total DAC
Verizon Foundation,Total DAC
Kraft Foods Foundation,Total DAC
Plan UK,Total DAC
CareSource Foundation,Total DAC
AT&T Foundation,Total DAC
Home Depot Foundation,Total DAC
Eaton Corp,Total DAC
British Airways,Total DAC
Comcast Corp,Total DAC
Angel Network,Total DAC
Not on our Watch,Total DAC
Toyota Motor Corporation,Total DAC
State Street Corporation,Total DAC
Dow Chemical Corporation,Total DAC
Advent Software,Total DAC
Air Products,Total DAC
Allstate Foundation,Total DAC
UnitedHealth,Total DAC
Orthodox Church in America,Total DAC
VICINI and the INICIA Foundation,Total DAC
Humana Foundation,Total DAC
Argos Cement Company,Total DAC
Visa,Total DAC
Wakefern Food Corp. (ShopRite and PriceRite stores,Total DAC
Walgreens,Total DAC
Mattel,Total DAC
Hess Corporation,Total DAC
DELL,Total DAC
General Mills Foundation,Total DAC
Reynolds American Foundation,Total DAC
Southern Company Charitable Foundations,Total DAC
Publix,Total DAC
Rockwell Collins,Total DAC
Sempra Energy Foundation,Total DAC
Staples Inc.,Total DAC
Tenet Healthcare Corporation,Total DAC
Morgan Stanley,Total DAC
Canon Group,Total DAC
Cogeco Cable,Total DAC
ConocoPhillips,Total DAC
Credit Agricole,Total DAC
Desjardins,Total DAC
Chubb Corporation,Total DAC
Credit Suisse,Total DAC
"Crocs, Inc.",Total DAC
Limited Brands,Total DAC
Safeway Inc,Total DAC
Tesco,Total DAC
United Technologies Corporation,Total DAC
Lowe's Companies Inc.,Total DAC
TJX Companies,Total DAC
Toys R Us,Total DAC
FPL Group Foundation,Total DAC
GenNX360,Total DAC
US Bancorp,Total DAC
SES World Skies,Total DAC
Symantec,Total DAC
Panasonic,Total DAC
National Grid,Total DAC
Eastman Kodak Charitable Trust,Total DAC
Qwest Foundation,Total DAC
Henry Schein Inc.,Total DAC
Hanesbrands,Total DAC
Massachusetts Mutual Life Insurance Company,Total DAC
Dollar General Corporation,Total DAC
Build-A-Bear Workshop Foundation,Total DAC
"Principal Financial Group Foundation, Inc",Total DAC
Pentair,Total DAC
Astoria Federal Savings,Total DAC
Northfield Bank Foundation,Total DAC
Hudson's Bay Company,Total DAC
Hydration Technology Innovations,Total DAC
HNA Group,Total DAC
Xstrata AG,Total DAC
Burton D. Morgan Foundation,Total DAC
Canada Safeway Foundation,Total DAC
ACE Charitable Foundation,Total DAC
"Kinetic Concepts, Inc.",Total DAC
RBC,Total DAC
Rite Aid,Total DAC
Digicel Aruba,Total DAC
MetaCorp,Total DAC
Burger King,Total DAC
Eisai Co. Ltd.,Total DAC
Clinton Foundation,Total DAC
Maxim G Rochester and Leighton McKnight,Total DAC
Royal Bank of Canada,Total DAC
Healthworkers Community,Total DAC
William Gallagher Associates,Total DAC
AP Moller Maersk Group,Total DAC
Monsanto Co.,Total DAC
Bristol-Myers Squibb,Total DAC
Bertelsmann AG,Total DAC
ConvaTec,Total DAC
FIJIWater,Total DAC
HSBC,Total DAC
"TEC Equipment, Inc.",Total DAC
Migros,Total DAC
Valero Energy/Ultramar,Total DAC
"Cardinal Health, Inc.",Total DAC
Avon,Total DAC
Carnival Corporations,Total DAC
Foresters,Total DAC
Dr Pepper Snapple Group,Total DAC
Leonardo DiCaprio Foundation,Total DAC
International Paper,Total DAC
Lipsey Water,Total DAC
Paul Hastings,Total DAC
Kirkland & Ellis LLP,Total DAC
"Weil, Gotshal & Manges LLP",Total DAC
Dewey & LeBoeuf LLP,Total DAC
Venable LLP,Total DAC
Akin Gump Strauss Hauer & Feld LLP,Total DAC
Patton Boggs LLP,Total DAC
"Gibson, Dunn & Crutcher",Total DAC
Chadbourne & Parke LLP,Total DAC
Winston & Strawn LLP,Total DAC
Mayer Brown,Total DAC
Schulte Roth & Zabel LLP,Total DAC
WilmerHale,Total DAC
Northrop Grumman Corp,Total DAC
Northwestern Mutual Corp.,Total DAC
DJO Incorporated,Total DAC
"Ross Stores, Inc.",Total DAC
Nationwide Insurance Foundation,Total DAC
International Criminal Police Organization - INTERPOL,Total DAC
"Dr. Fresh, Inc",Total DAC
ING Group Disaster Relief Fund,Total DAC
TNT,Total DAC
Shionogi Pharma Inc.,Total DAC
"Shionogi & Co., Ltd",Total DAC
Skanska,Total DAC
3M,Total DAC
Allianz Life Insurance Company of North America,Total DAC
Atlantic Philanthropies,Total DAC
"Blue Cross and Blue Shield of Minnesota Foundation, Inc.",Total DAC
Buuck Family Foundation,Total DAC
Central Minnesota Community Foundation,Total DAC
Chrysler Foundation,Total DAC
"CVS Caremark Charitable Trust, Inc.",Total DAC
eBay Foundation,Total DAC
Ecolab Inc.,Total DAC
Hewlett-Packard Company Foundation,Total DAC
Gulf Coast Community Foundation of Venice,Total DAC
Hilton Worldwide,Total DAC
Horizon Foundation for New Jersey,Total DAC
Wawa Inc.,Total DAC
Kroger Co. Foundation,Total DAC
M.A.C. AIDS Fund,Total DAC
McGregor Fund,Total DAC
NiSource Charitable Foundation,Total DAC
Nissan Corporation,Total DAC
Northland Foundation,Total DAC
GEA Society,Total DAC
Pew Charitable Trusts,Total DAC
Public Welfare Foundation,Total DAC
Richard and Susan Smith Family Foundation,Total DAC
Toro Company,Total DAC
Bernard van Leer Foundation,Total DAC
Bacardi Limited,Total DAC
Electricite de France,Total DAC
Winn-Dixie Foundation,Total DAC
Weyerhaeuser,Total DAC
Louis Vutton,Total DAC
Kids in Distressed Situations,Total DAC
Carestream Health,Total DAC
Xcel Energy Foundation,Total DAC
Annie E. Casey Foundation,Total DAC
"Anheuser-Busch Companies, Inc.",Total DAC
"Best Buy Co., Inc.",Total DAC
Best Buy Children's Foundation,Total DAC
Freeport-McMoRan Copper & Gold Inc,Total DAC
Gerdau Ameristeel,Total DAC
Siemens Water Technologies,Total DAC
Amgen,Total DAC
Aramark,Total DAC
"Hitachi America, Ltd.",Total DAC
MassMutual Financial Group,Total DAC
3Com,Total DAC
Armstrong,Total DAC
AXA Group,Total DAC
Barclay's Foundation,Total DAC
Bechtel,Total DAC
Dannon,Total DAC
Cognizant,Total DAC
Coach,Total DAC
Dun & Bradstreet,Total DAC
Dunkin Brands,Total DAC
Farmers Insurance,Total DAC
Flowserve,Total DAC
Goodrich Corporation,Total DAC
Harland Clarke Holdings,Total DAC
Hartford Financial Services Group,Total DAC
JC Penny,Total DAC
Land O'Lakes,Total DAC
Lubrizol,Total DAC
McAfee,Total DAC
"Mitsui USA, Inc.",Total DAC
Bilkent Holding,Total DAC
Latin American Benevolent Foundation,Total DAC
Grass Technologies,Total DAC
Integra LifeSciences Holdings Corporation,Total DAC
OneBeacon Charitable Trust,Total DAC
ChildFund International,Total DAC
Menasha Corporation,Total DAC
Korean-American Association,Total DAC
J. Smith Lanier & Co.,Total DAC
Sprint Nextel,Total DAC
Costa Rican Red Cross,Total DAC
Bridgestone Group,Total DAC
Sphene International Ltd,Total DAC
Carlson Wagonlit Travel Beheermaatschappij,Total DAC
Office of the Representative of the Dalai Lama,CN
Nomura Group,Total DAC
Risk and Insurance Management Society,Total DAC
Zambia Red Cross Society,Total DAC
Syrian Arab Red Crescent,Total DAC
"Goya Foods, Inc.",Total DAC
Crawford & Company,Total DAC
Grand Circle Foundation,Total DAC
Dark & Light Foundation,Total DAC
Perry Ellis International,Total DAC
Medtronic Foundation,Total DAC
Wegman Family Charitable Foundation,Total DAC
Aetna Foundation,Total DAC
Airamid Health Management,Total DAC
AK Steel,Total DAC
AllianceBernstein Holding L.P.,Total DAC
MAXIMUS,Total DAC
CareFusion Corporation,Total DAC
Cumberland Pharmaceuticals Inc,Total DAC
Thrivent Financial for Lutherans,Total DAC
Liggett Vector Brands Inc.,Total DAC
Actavis Group,Total DAC
Nestle USA,Total DAC
Nokia,Total DAC
Occidental Petroleum,Total DAC
PACCAR Inc.,Total DAC
Pietrantoni Mendez & Alvarez LLP,Total DAC
Princess Cruises,Total DAC
"QVC, Inc.",Total DAC
Raytheon,Total DAC
Boston Foundation (Ansara Family Fund),Total DAC
DentaQuest,Total DAC
Prem Rawat Foundation,Total DAC
Ronald McDonald House Charities,Total DAC
Sony,Total DAC
Sony Online Entertainment,Total DAC
Underwriters Laboratories,Total DAC
Univision,Total DAC
US Airways,Total DAC
Arcos Dorados B.V.,Total DAC
J. Willard and Alice S. Marriott Foundation,Total DAC
Nicaraguan Red Cross,Total DAC
Darden Restaurants,Total DAC
Honeywell,Total DAC
Goddard Enterprises Limited,Total DAC
Shipman & Goodwin LLP,Total DAC
Benfica Foundation,Total DAC
Biomet Inc.,Total DAC
Kubota Corporation,Total DAC
"Summer Infant, Inc.",Total DAC
United Methodist Church,Total DAC
"Chung Te Buddhist Association of NY, Inc.",Total DAC
American Egg Board,Total DAC
Caritas Manila,Total DAC
PokerStars,Total DAC
BLU-MED Response Systems,Total DAC
FUJIFILM Holdings Corporation,Total DAC
BD,Total DAC
Goldman Sachs Group,Total DAC
Mosaic Company,Total DAC
C & S Wholesale Grocers,Total DAC
Inasmuch Foundation,Total DAC
Giant Food Stores,Total DAC
Nestle,Total DAC
Daystar Christian Centre,Total DAC
Convoy of Hope,Total DAC
Catholic Diocese of Erie,Total DAC
Toshiba Group,Total DAC
ANGLO AMERICAN PLC,Total DAC
Care Germany,Total DAC
Kinross,Total DAC
International Programme for the Development of Communication,Total DAC
Federation Internationale de Football Association (FIFA),Total DAC
South American Football Confederation (CONMEBOL),Total DAC
PotashCorp,Total DAC
Hyundai Motor Company,Total DAC
Airbus Foundation,Total DAC
International Criminal Court,Total DAC
Fondation de l'Ordre de Malte pour le Liban,Total DAC
"Ameriprise Financial, Inc.",Total DAC
USA Friends Private,Total DAC
ENDESA Group,Total DAC
BASF,Total DAC
IBN SINA,Total DAC
Agenzia Italiana Risposta Emergenze,Total DAC
Boston Foundation,Total DAC
Hy-Vee Inc.,Total DAC
Lloyd A. Fry Foundation,Total DAC
Associated Banc-Corp,Total DAC
Carnegie Corporation of New York,Total DAC
Global Children Foundation,Total DAC
Terre des Hommes - Germany,Total DAC
Terre des Hommes - Italy,Total DAC
Great Family Organization,Total DAC
UN Central Fund for Influenza Action,Total DAC
Korean Broadcast Company,Total DAC
Banesco Bank Venezuela,Total DAC
Zanfha Initiative,Total DAC
Management Sciences for Health,Total DAC
Mine Action Programme for Afghanistan,Total DAC
Oregon Community Foundation,Total DAC
California Endowment,Total DAC
Lisa and Douglas Goldman Fund,Total DAC
Have It Your Way Foundation,Total DAC
Roy A. Hunt Foundation,Total DAC
Cleveland Foundation,Total DAC
Windy International Youth Foundation,Total DAC
UN Spouses Bazaar,Total DAC
Kresge Foundation,Total DAC
Gambia,GM
Seattle Foundation,Total DAC
World Meteorological Organization,Total DAC
Daiichi Sankyo,Total DAC
BRAC,Total DAC
Telenor Pakistan,Total DAC
Northeast Asia Forest Forum,Total DAC
Pirelli & C. Societa per Azioni,Total DAC
Google,Total DAC
Boeing Company,Total DAC
GE Foundation,Total DAC
International Development and Relief Foundation,Total DAC
Unilever,Total DAC
United Nations Mission in Ethiopia and Eritrea,Total DAC
International Relief Solutions LLC,Total DAC
Cummins Foundation,Total DAC
BP Foundation,Total DAC
Pakistan Telecommunication Company LTD.,Total DAC
"NetSol Technologies, Inc",Total DAC
Kuwait Joint Relief Committee,Total DAC
BMW Group,Total DAC
Equate Petrochemical,Total DAC
Sheraton Hotel,Total DAC
Tethyan Copper Company,Total DAC
JCB,Total DAC
ICI Pakistan,Total DAC
Infineon Technologies,Total DAC
Connacionales del Extranjero,Total DAC
BCIE,Total DAC
Help for school,Total DAC
"Guatemala General Council in Miami, Florida",GT
RAK Ceramics,Total DAC
Doha Bank,Total DAC
DynCorp,Total DAC
ITT Corporation,Total DAC
Daewoo,Total DAC
Sud-Chemie AG,Total DAC
Hillman Family Foundations,Total DAC
Oklahoma City Community Foundation,Total DAC
Mobilink Foundation,Total DAC
United Nations Association in Canada,Total DAC
W.K. Kellogg Foundation,Total DAC
"Onnuri Church, Rep. of Korea",Total DAC
Gaddafi International Charity and Development Foundation (GICDF),Total DAC
Coastal Community Foundation of South Carolina,Total DAC
The Pears Foundation,Total DAC
United Islamic Center,Total DAC
Minneapolis Foundation,Total DAC
San Diego Foundation,Total DAC
East Bay Community Foundation,Total DAC
Stabilization and Recovery Funding Facility in Eastern DRC,Total DAC
Islamic Centre of Tucson,Total DAC
Fondation Assistance Internationale,Total DAC
Hilina Enriched Food Processing Center PLC,Total DAC
UNICEF National Committee/San Marino,Total DAC
GMC Services,Total DAC
M. J. Murdock Charitable Trust,Total DAC
"F. M. Kirby Foundation, Inc.",Total DAC
Community Foundation for Southern Arizona,Total DAC
The Achelis Foundation,Total DAC
The Bodman Foundation,Total DAC
World Conference on Religions for Peace,Total DAC
Silicon Valley Community Foundation,Total DAC
Maldives,MV
Kimse Yok Mu Solidarity Foundation,Total DAC
Reach Out To Asia,Total DAC
Arab Medical Association,Total DAC
Consortium of British Humanitarian Agencies,Total DAC
Actions Médicales Internationale,Total DAC
Astellas,Total DAC
Brother Industries Ltd.,Total DAC
Philadelphia Insurance Companies,Total DAC
DCH Auto Group,Total DAC
Delta Development Program,Total DAC
Aflac,Total DAC
Manulife Financial Corporation,Total DAC
Gap Inc.,Total DAC
H-E-B,Total DAC
Jones Lang LaSalle,Total DAC
KCI,Total DAC
Levi Strauss Foundation,Total DAC
Lockheed Martin,Total DAC
Lupin,Total DAC
McDonald's Corporation,Total DAC
"Molycorp, Inc.",Total DAC
Nikon,Total DAC
Nukepills,Total DAC
Tasa Meng,Total DAC
Wells Fargo & CO,Total DAC
BNPP,Total DAC
Bulgarian Red Cross,Total DAC
First Moscow Gymnasium,Total DAC
VITOL,Total DAC
Bank of Palestine,Total DAC
Chemonics International Inc.,Total DAC
First National Bank of Namibia,Total DAC
Afghan Technical Consultants,Total DAC
Lindner Foundation Uganda,Total DAC
CARITAS INTERNATIONALIS,Total DAC
Aayo Development Foundation,Total DAC
UN Stabilization and Recovery - DRC,Total DAC
South Sudan ERF (until 2014),Total DAC
United Nations Disengagement Observer Force,Total DAC
HEMCO,Total DAC
B2Gold,Total DAC
FUNDACION LA CAIXA (FLC),Total DAC
Kuwaiti Social Reform Society,Total DAC
Soka Gakkai,Total DAC
WEFA HUMANITARIAN RELIEF ORGANIZATION,Total DAC
Canadian Coalition,Total DAC
"INTERVIDA FOUNDATION, SPAIN",Total DAC
