reporting_org_ref,country_or_org_name,specific_country_name,org_type,disbursements_score,commitments_score,disbursements_score_notes,commitments_score_notes
21032,,,,,,,
21-PK-WWF,,,,,,,
30001,,,,,,,
41119,UNFPA,UNFPA,multilateral,0,3,Nothing prior to 2020,
41120,,,,,,,
41AAA,,,,,,,
44000,World Bank,World Bank,ifi,3,3,,
46002,African Development Bank Group,African Development Bank Group,ifi,3,3,,
46004,Asian Development Bank,Asian Development Bank,ifi,3,3,,
47045,Global Fund,Global Fund,multilateral,3,3,OK,OK
47111,,,,,,,
47122,"Gavi, The Vaccine Alliance","Gavi, The Vaccine Alliance",multilateral,0,0,Not OK - only til April,Not OK - small in Jan and then nothing
47135,,,,,,,
AE-HFZA-1526,,,,,,,
AF-MOE-1212,,,,,,,
AF-MOE-138,,,,,,,
AF-MOE-22,,,,,,,
AR-CENOC-16969-A,,,,,,,
AU-5,Australia,Australian Aid,bilateral,3,0,Agreed,No reporting
AU-ACNC-18055208636,,,,,,,
AU-ACNC-19242959685,,,,,,,
BD-NAB-002,,,,,,,
BD-NAB-0210,,,,,,,
BD-NAB-0271,,,,,,,
BD-NAB-051,,,,,,,
BD-NAB-0682,,,,,,,
BD-NAB-1102,,,,,,,
BD-NAB-1301,,,,,,,
BE-BCE_KBO-0264814354,,,,,,,
BE-BCE_KBO-0406694670,,,,,,,
BE-BCE_KBO-0407562029,,,,,,,
BE-BCE_KBO-0408022778,,,,,,,
BE-BCE_KBO-0408095925,,,,,,,
BE-BCE_KBO-0408256667,,,,,,,
BE-BCE_KBO-0408628435,,,,,,,
BE-BCE_KBO-0408643875,,,,,,,
BE-BCE_KBO-0408656248,,,,,,,
BE-BCE_KBO-0408908151,,,,,,,
BE-BCE_KBO-0409451054,,,,,,,
BE-BCE_KBO-0409597544,,,,,,,
BE-BCE_KBO-0410057701,,,,,,,
BE-BCE_KBO-0410644946,,,,,,,
BE-BCE_KBO-0410661673,,,,,,,
BE-BCE_KBO-0410757386,,,,,,,
BE-BCE_KBO-0413119733,,,,,,,
BE-BCE_KBO-0413986102,,,,,,,
BE-BCE_KBO-0415365777,,,,,,,
BE-BCE_KBO-0415426155,,,,,,,
BE-BCE_KBO-0415499795,,,,,,,
BE-BCE_KBO-0415627875,,,,,,,
BE-BCE_KBO-0415880570,,,,,,,
BE-BCE_KBO-0416486821,,,,,,,
BE-BCE_KBO-0416867297,,,,,,,
BE-BCE_KBO-0416934803,,,,,,,
BE-BCE_KBO-0417299047,,,,,,,
BE-BCE_KBO-0417549465,,,,,,,
BE-BCE_KBO-0418015461,,,,,,,
BE-BCE_KBO-0418088113,,,,,,,
BE-BCE_KBO-0418282311,,,,,,,
BE-BCE_KBO-0418399305,,,,,,,
BE-BCE_KBO-0418766123,,,,,,,
BE-BCE_KBO-0419189557,,,,,,,
BE-BCE_KBO-0419872616,,,,,,,
BE-BCE_KBO-0420656336,,,,,,,
BE-BCE_KBO-0420790948,,,,,,,
BE-BCE_KBO-0421207751,,,,,,,
BE-BCE_KBO-0421210424,,,,,,,
BE-BCE_KBO-0422717486,,,,,,,
BE-BCE_KBO-0423588904,,,,,,,
BE-BCE_KBO-0423616717,,,,,,,
BE-BCE_KBO-0424198222,,,,,,,
BE-BCE_KBO-0425410524,,,,,,,
BE-BCE_KBO-0425420917,,,,,,,
BE-BCE_KBO-0427736148,,,,,,,
BE-BCE_KBO-0430826290,,,,,,,
BE-BCE_KBO-0431955945,,,,,,,
BE-BCE_KBO-0432235661,,,,,,,
BE-BCE_KBO-0432503697,,,,,,,
BE-BCE_KBO-0432552989,,,,,,,
BE-BCE_KBO-0432622077,,,,,,,
BE-BCE_KBO-0432624255,,,,,,,
BE-BCE_KBO-0433439550,,,,,,,
BE-BCE_KBO-0435563751,,,,,,,
BE-BCE_KBO-0441988715,,,,,,,
BE-BCE_KBO-0442168263,,,,,,,
BE-BCE_KBO-0443262185,,,,,,,
BE-BCE_KBO-0445412518,,,,,,,
BE-BCE_KBO-0445741823,,,,,,,
BE-BCE_KBO-0446340550,,,,,,,
BE-BCE_KBO-0447404580,,,,,,,
BE-BCE_KBO-0448723978,,,,,,,
BE-BCE_KBO-0448755949,,,,,,,
BE-BCE_KBO-0449400604,,,,,,,
BE-BCE_KBO-0451461655,,,,,,,
BE-BCE_KBO-0451516390,,,,,,,
BE-BCE_KBO-0451857573,,,,,,,
BE-BCE_KBO-0453072647,,,,,,,
BE-BCE_KBO-0453475391,,,,,,,
BE-BCE_KBO-0454555163,,,,,,,
BE-BCE_KBO-0460162753,,,,,,,
BE-BCE_KBO-0460240749,,,,,,,
BE-BCE_KBO-0461076236,,,,,,,
BE-BCE_KBO-0461634084,,,,,,,
BE-BCE_KBO-0462132150,,,,,,,
BE-BCE_KBO-0462279234,,,,,,,
BE-BCE_KBO-0463455904,,,,,,,
BE-BCE_KBO-0463729878,,,,,,,
BE-BCE_KBO-0472089102,,,,,,,
BE-BCE_KBO-0474198059,,,,,,,
BE-BCE_KBO-0474912493,,,,,,,
BE-BCE_KBO-0478060441,,,,,,,
BE-BCE_KBO-0479222461,,,,,,,
BE-BCE_KBO-0479866027,,,,,,,
BE-BCE_KBO-0546740696,,,,,,,
BE-BCE_KBO-0550758080,,,,,,,
BE-BCE_KBO-0662878501,,,,,,,
BE-GTCF-630789842,,,,,,,
BJ-IFU-3200700033415,,,,,,,
BJ-IFU-4201710012551,,,,,,,
BJ-IFU-4201710116446,,,,,,,
BJ-IFU-4201710182326,,,,,,,
BJ-IFU-5200081145006,,,,,,,
BJ-IFU-5200801335602,,,,,,,
BJ-IFU-5201000673108,,,,,,,
BJ-IFU-6200801257400,,,,,,,
BJ-IFU-6200901851300,,,,,,,
BJ-IFU-6200901944008,,,,,,,
BJ-IFU-6200901944209,,,,,,,
BJ-IFU-6200901944805,,,,,,,
BJ-IFU-6200901945503,,,,,,,
BJ-IFU-6201000068802,,,,,,,
BJ-IFU-6201000370801,,,,,,,
BJ-IFU-6201001076902,,,,,,,
BJ-IFU-6201001843703,,,,,,,
BJ-IFU-6201100034408,,,,,,,
BJ-IFU-6201100143407,,,,,,,
BJ-IFU-6201101048400,,,,,,,
BJ-IFU-6201101182902,,,,,,,
BJ-IFU-6201200579608,,,,,,,
BJ-IFU-6201200599008,,,,,,,
BJ-IFU-6201300688700,,,,,,,
BJ-IFU-6201408024805,,,,,,,
BJ-IFU-6201501755307,,,,,,,
BJ-IFU-6201810251129,,,,,,,
BW-CIPA-CO20151011,,,,,,,
CA_ON-ONT-1597880,,,,,,,
CA-3,Canada,"Canada - Foreign Affairs, Trade and Development Canada",bilateral,3,3,,
CA-4,,,,,,,
CA-CRA_ACR-101182509,,,,,,,
CA-CRA_ACR-118846575,,,,,,,
CA-CRA_ACR-805837713,,,,,,,
CA-CRA_ACR-817387277,,,,,,,
CA-CRA_ACR-869974816,,,,,,,
CA-CRA_ACR-872374426,,,,,,,
CA-CRA_ARC-119304848,,,,,,,
CA-CRA-89980-1815-RR0001,,,,,,,
CH-4,Switzerland,Switzerland - Swiss Agency for Development and Cooperation (SDC),bilateral,2,2,pro-rata,pro-rata
CH-FDJP-106064950,,,,,,,
CH-FDJP-109458452,,,,,,,
CH-FDJP-258577051,,,,,,,
CH-FDJP-66004229946,,,,,,,
CH-FDJP-CHE100871337,,,,,,,
CH-FDJP-CHE102197003,,,,,,,
CH-FDJP-CHE-105181636,,,,,,,
CH-FDJP-CHE105834763,,,,,,,
CH-FDJP-CHE106823242,,,,,,,
CH-FDJP-CHE109506789,,,,,,,
CH-FDJP-CHE109947366,,,,,,,
CH-FDJP-CHE109994012,,,,,,,
CH-FDJP-CHE110141200,,,,,,,
CH-FDJP-CHE232974628,,,,,,,
CH-FDJP-CHE251665168,,,,,,,
ciks,,,,,,,
CO-CCB-00159397,,,,,,,
CO-CCB-S0052181,,,,,,,
CO-RUE-830140714-1,,,,,,,
CO-RUE-860049972,,,,,,,
CR-RPJ-3-006-125548,,,,,,,
CZ-ICO-25755277,,,,,,,
DAC-1601,,,,,,,
DE-1,Germany,Germany - BMZ,bilateral,0,3,,
DE-AG-VR7795,,,,,,,
DE-CR-BonnVR8726,,,,,,,
DE-CR-RA000209-VR1207,,,,,,,
DE-CR-RA000217-HRB121747B,,,,,,,
DE-CR-RA000220-VR3810,,,,,,,
DE-CR-VR32914,,,,,,,
DK-CVR-12006004,,,,,,,
DK-CVR-12921047,,,,,,,
DK-CVR-13078513,,,,,,,
DK-CVR-14723692,,,,,,,
DK-CVR-14766383,,,,,,,
DK-CVR-18243717,,,,,,,
DK-CVR-19348407,,,,,,,
DK-CVR-20074035,,,,,,,
DK-CVR-20356731,,,,,,,
DK-CVR-20453672,,,,,,,
DK-CVR-20699310,,,,,,,
DK-CVR-20700211,,,,,,,
DK-CVR-25191501,,,,,,,
dk-cvr-26487013,,,,,,,
DK-CVR-29439915,,,,,,,
DK-CVR-33985339,,,,,,,
DK-CVR-35429867,,,,,,,
DK-CVR-36980214,,,,,,,
DK-CVR-37295728,,,,,,,
DK-CVR-40781218,,,,,,,
DK-CVR-44623528,,,,,,,
DK-CVR-58185728,,,,,,,
DK-CVR-63407216,,,,,,,
DK-CVR-88136411,,,,,,,
ES-CIF-G81164105,,,,,,,
ES-CIF-G-8236803,,,,,,,
ES-DIR3-E04585801,,,,,,,
ES-DIR3-EA0035768,Spain,Spain - AECID,bilateral,3,3,,
ET-CSA-0062,,,,,,,
ET-CSA-0475,,,,,,,
ET-CSA-0486,,,,,,,
ET-CSA-0638,,,,,,,
ET-CSA-0976,,,,,,,
ET-CSA-1063,,,,,,,
ET-CSA-1233,,,,,,,
ET-MFA-0001989741,,,,,,,
ET-MOT-020/4/007,,,,,,,
FI-3,Finland,Finland - Ministry for Foreign Affairs of Finland,bilateral,3,0,OK,No reporting
FI-PRO-0998454-4,,,,,,,
FI-PRO-139407,,,,,,,
FI-PRO-143138,,,,,,,
FI-PRO-1498487-2,,,,,,,
FR-3,France,AFD,bilateral,0,0,Not Ok - no prior to 2020,Not OK
FR-6,France,France - MAEDI,bilateral,0,0,,
FR-INSEE-32101874900127,,,,,,,
FR-RCS-31899089200065,,,,,,,
FR-RCS-389515180,,,,,,,
FR-RCS-40885667200030,,,,,,,
FR-RCS-49962201700014,,,,,,,
FR-RCS-519655997,,,,,,,
FR-RCS-78049888700022,,,,,,,
FR-RCS-83764263600018,,,,,,,
FR-SIRET-4028868160030,,,,,,,
FR-SIRET-77566669600015,,,,,,,
GB-9,,,,,,,
GB-CC-1098893,,,,,,,
GB-CHC-000391,,,,,,,
GB-CHC-1000717,,,,,,,
GB-CHC-1001349,,,,,,,
GB-CHC-1001698,,,,,,,
GB-CHC-1001813,,,,,,,
GB-CHC-1013587,,,,,,,
GB-CHC-1016676,,,,,,,
GB-CHC-1017255,,,,,,,
GB-CHC-1020488,,,,,,,
GB-CHC-1024903,,,,,,,
GB-CHC-1027201,,,,,,,
GB-CHC-1029161,,,,,,,
GB-CHC-1038785,,,,,,,
GB-CHC-1038860,,,,,,,
GB-CHC-1043843,,,,,,,
GB-CHC-1045348,,,,,,,
GB-CHC-1046001,,,,,,,
GB-CHC-1046579,,,,,,,
GB-CHC-1047501,,,,,,,
GB-CHC-1047608,,,,,,,
GB-CHC-1047653,,,,,,,
GB-CHC-1048007,,,,,,,
GB-CHC-1049160,,,,,,,
GB-CHC-1050327,,,,,,,
GB-CHC-1051681,,,,,,,
GB-CHC-1053389,,,,,,,
GB-CHC-1054369,,,,,,,
GB-CHC-1055436,,,,,,,
GB-CHC-1058162,,,,,,,
GB-CHC-1058991,,,,,,,
GB-CHC-1059996,,,,,,,
GB-CHC-1061352,,,,,,,
GB-CHC-1062638,,,,,,,
GB-CHC-1064413,,,,,,,
GB-CHC-1065705,,,,,,,
GB-CHC-1065972,,,,,,,
GB-CHC-1067406,,,,,,,
GB-CHC-1068839,,,,,,,
GB-CHC-1069182,,,,,,,
GB-CHC-1069208,,,,,,,
GB-CHC-1070684,,,,,,,
GB-CHC-1071659,,,,,,,
GB-CHC-1071660,,,,,,,
GB-CHC-1071886,,,,,,,
GB-CHC-1074937,,,,,,,
GB-CHC-1075920,,,,,,,
GB-CHC-1076235,,,,,,,
GB-CHC-1076497,,,,,,,
GB-CHC-1076822,,,,,,,
GB-CHC-1077216,,,,,,,
GB-CHC-1077889,,,,,,,
GB-CHC-1078768,,,,,,,
GB-CHC-1078803,,,,,,,
GB-CHC-1079358,,,,,,,
GB-CHC-1079599,,,,,,,
GB-CHC-1081695,,,,,,,
GB-CHC-1081769,,,,,,,
GB-CHC-1082139,,,,,,,
GB-CHC-1082565,,,,,,,
GB-CHC-1083008,,,,,,,
GB-CHC-1084729,,,,,,,
GB-CHC-1085096,,,,,,,
GB-CHC-1086159,,,,,,,
GB-CHC-1087997,,,,,,,
GB-CHC-1089110,,,,,,,
GB-CHC-1089490,,,,,,,
GB-CHC-1089879,,,,,,,
GB-CHC-1090745,,,,,,,
GB-CHC-1091105,,,,,,,
GB-CHC-1092236,,,,,,,
GB-CHC-1093861,,,,,,,
GB-CHC-1094272,,,,,,,
GB-CHC-1094478,,,,,,,
GB-CHC-1096479,,,,,,,
GB-CHC-1096908,,,,,,,
GB-CHC-1098106,,,,,,,
GB-CHC-1098752,,,,,,,
GB-CHC-1099776,,,,,,,
GB-CHC-1101217,,,,,,,
GB-CHC-1102028,,,,,,,
GB-CHC-1104287,,,,,,,
GB-CHC-1104458,,,,,,,
GB-CHC-1105277,,,,,,,
GB-CHC-1105489,,,,,,,
GB-CHC-1105851,,,,,,,
GB-CHC-1106156,,,,,,,
GB-CHC-1106349,,,,,,,
GB-CHC-1107403,,,,,,,
GB-CHC-1108464,,,,,,,
GB-CHC-1108718,,,,,,,
GB-CHC-1109789,,,,,,,
GB-CHC-1110434,,,,,,,
GB-CHC-1112699,,,,,,,
GB-CHC-1112734,,,,,,,
GB-CHC-1112842,,,,,,,
GB-CHC-1113101,,,,,,,
GB-CHC-1113868,,,,,,,
GB-CHC-1114727,,,,,,,
GB-CHC-1114944,,,,,,,
GB-CHC-1115109,,,,,,,
GB-CHC-1117377,,,,,,,
GB-CHC-1117528,,,,,,,
GB-CHC-1118528,,,,,,,
GB-CHC-1119168,,,,,,,
GB-CHC-1120413,,,,,,,
GB-CHC-1120932,,,,,,,
GB-CHC-1121273,,,,,,,
GB-CHC-1122299,,,,,,,
GB-CHC-1122330,,,,,,,
GB-CHC-1122799,,,,,,,
GB-CHC-1122924,,,,,,,
GB-CHC-1123241,,,,,,,
GB-CHC-1123946,,,,,,,
GB-CHC-1125217,,,,,,,
GB-CHC-1125512,,,,,,,
GB-CHC-1125948,,,,,,,
GB-CHC-1126281,,,,,,,
GB-CHC-1126550,,,,,,,
GB-CHC-1126727,,,,,,,
GB-CHC-1127206,,,,,,,
GB-CHC-1127366,,,,,,,
GB-CHC-1127488,,,,,,,
GB-CHC-1128267-8,,,,,,,
GB-CHC-1128536,,,,,,,
GB-CHC-1129603,,,,,,,
GB-CHC-1133342,,,,,,,
GB-CHC-1135156,,,,,,,
GB-CHC-1135700,,,,,,,
GB-CHC-1138287,,,,,,,
GB-CHC-1139083,,,,,,,
GB-CHC-1140123,,,,,,,
GB-CHC-1140276,,,,,,,
GB-CHC-1140288,,,,,,,
GB-CHC-1141028,,,,,,,
GB-CHC-1141552,,,,,,,
GB-CHC-1142476,,,,,,,
GB-CHC-1142516,,,,,,,
GB-CHC-1143797,,,,,,,
GB-CHC-1143852,,,,,,,
GB-CHC-1145119,,,,,,,
GB-CHC-1145640,,,,,,,
GB-CHC-1145721,,,,,,,
GB-CHC-1147083,,,,,,,
GB-CHC-1147298,,,,,,,
GB-CHC-1148143,,,,,,,
GB-CHC-1148404,,,,,,,
GB-CHC-1150214,,,,,,,
GB-CHC-1150964,,,,,,,
GB-CHC-1150993,,,,,,,
GB-CHC-1151219,,,,,,,
GB-CHC-1151615,,,,,,,
GB-CHC-1152010,,,,,,,
GB-CHC-1154085,,,,,,,
GB-CHC-1154230,,,,,,,
GB-CHC-1157009,,,,,,,
GB-CHC-1157722,,,,,,,
GB-CHC-1158206,,,,,,,
GB-CHC-1160263,,,,,,,
GB-CHC-1161729,,,,,,,
GB-CHC-1171353,,,,,,,
GB-CHC-1172875,,,,,,,
GB-CHC-1173827,,,,,,,
GB-CHC-1174874,,,,,,,
GB-CHC-1178168,,,,,,,
GB-CHC-1187935,,,,,,,
GB-CHC-1837621,,,,,,,
GB-CHC-202918,,,,,,,
GB-CHC-206658,,,,,,,
GB-CHC-207076,,,,,,,
GB-CHC-207544,,,,,,,
GB-CHC-208223,,,,,,,
GB-CHC-208724,,,,,,,
GB-CHC-209131,UK,UK - British Council,bilateral,3,3,,
GB-CHC-209603,,,,,,,
GB-CHC-213251,,,,,,,
GB-CHC-213280,,,,,,,
GB-CHC-214779,,,,,,,
GB-CHC-218186,,,,,,,
GB-CHC-220949,,,,,,,
GB-CHC-222655,,,,,,,
GB-CHC-223106,,,,,,,
GB-CHC-228248,,,,,,,
GB-CHC-229476,,,,,,,
GB-CHC-250456,,,,,,,
GB-CHC-254781,,,,,,,
GB-CHC-261488,,,,,,,
GB-CHC-265464,,,,,,,
GB-CHC-272465,,,,,,,
GB-CHC-274467,,,,,,,
GB-CHC-281681,,,,,,,
GB-CHC-282305,,,,,,,
GB-CHC-283302,,,,,,,
GB-CHC-285776,,,,,,,
GB-CHC-285908,,,,,,,
GB-CHC-287287,,,,,,,
GB-CHC-288701,,,,,,,
GB-CHC-289036,,,,,,,
GB-CHC-290767,,,,,,,
GB-CHC-290836,,,,,,,
GB-CHC-291167,,,,,,,
GB-CHC-291333,,,,,,,
GB-CHC-291691,,,,,,,
GB-CHC-291824,,,,,,,
GB-CHC-292506,,,,,,,
GB-CHC-293734,,,,,,,
GB-CHC-294329,,,,,,,
GB-CHC-295224,,,,,,,
GB-CHC-297716,,,,,,,
GB-CHC-298316,,,,,,,
GB-CHC-299717,,,,,,,
GB-CHC-313139,,,,,,,
GB-CHC-313757,,,,,,,
GB-CHC-314137,,,,,,,
GB-CHC-326568,,,,,,,
GB-CHC-326859,,,,,,,
GB-CHC-327421,,,,,,,
GB-CHC-327461,,,,,,,
GB-CHC-327519,,,,,,,
GB-CHC-328158,,,,,,,
GB-CHC-328206,,,,,,,
GB-CHC-328273,,,,,,,
GB-CHC-328434,,,,,,,
GB-CHC-800672,,,,,,,
GB-CHC-802353,,,,,,,
GB-COH-00637978,,,,,,,
GB-COH-00986729,,,,,,,
GB-COH-01245534,,,,,,,
GB-COH-01650169,,,,,,,
GB-COH-01846493,,,,,,,
GB-COH-01926828,,,,,,,
GB-COH-02622374,,,,,,,
GB-COH-02651349,,,,,,,
GB-COH-02693163,,,,,,,
GB-COH-02768268,,,,,,,
GB-COH-0277068,,,,,,,
GB-COH-02863827,,,,,,,
GB-COH-02962250,,,,,,,
GB-COH-03054929,,,,,,,
GB-COH-03122495,,,,,,,
GB-COH-03259922,,,,,,,
GB-COH-03580586,,,,,,,
GB-COH-03580586-GEC,,,,,,,
GB-COH-03613839,,,,,,,
GB-COH-03788027,,,,,,,
GB-COH-03846881,,,,,,,
GB-COH-03877777,,,,,,,
GB-COH-04105827,,,,,,,
GB-COH-04154075,,,,,,,
GB-COH-04161656,,,,,,,
GB-COH-04276635,,,,,,,
GB-COH-04354941,,,,,,,
GB-COH-04589451,,,,,,,
GB-COH-04644326,,,,,,,
GB-COH-04930461,,,,,,,
GB-COH-05126149,,,,,,,
GB-COH-05322719,,,,,,,
GB-COH-05543952,,,,,,,
GB-COH-06069322,,,,,,,
GB-COH-06133927,,,,,,,
GB-COH-06274284,,,,,,,
GB-COH-06368740,,,,,,,
GB-COH-06407873,,,,,,,
GB-COH-06587734,,,,,,,
GB-COH-06735120,,,,,,,
GB-COH-07026479,,,,,,,
GB-COH-07157505,,,,,,,
GB-COH-07291220,,,,,,,
GB-COH-07321996,,,,,,,
GB-COH-07627789,,,,,,,
GB-COH-07629751,,,,,,,
GB-COH-07669775,,,,,,,
GB-COH-07676886,,,,,,,
GB-COH-07840888,,,,,,,
GB-COH-08212556,,,,,,,
GB-COH-08327972,,,,,,,
GB-COH-08333641,,,,,,,
GB-COH-08567552,,,,,,,
GB-COH-08828458,,,,,,,
GB-COH-09288843,,,,,,,
GB-COH-10633588,,,,,,,
GB-COH-1081247,,,,,,,
GB-COH-1100897,,,,,,,
GB-COH-1102208,,,,,,,
GB-COH-1110949,,,,,,,
GB-COH-1134415,,,,,,,
GB-COH-1158838,,,,,,,
GB-COH-1364201,,,,,,,
GB-COH-1574821,,,,,,,
GB-COH-1762840,,,,,,,
GB-COH-1858644,,,,,,,
GB-COH-1869600,,,,,,,
GB-COH-2082273,,,,,,,
GB-COH-2100867,,,,,,,
GB-COH-213890,,,,,,,
GB-COH-2153193,,,,,,,
GB-COH-2394229,,,,,,,
GB-COH-2695347,,,,,,,
GB-COH-2732176,,,,,,,
GB-COH-294860,,,,,,,
GB-COH-3008440,,,,,,,
GB-COH-3031674,,,,,,,
GB-COH-353570,,,,,,,
GB-COH-3578127,,,,,,,
GB-COH-3799145,,,,,,,
GB-COH-4075590,,,,,,,
GB-COH-4884328,,,,,,,
GB-COH-4887855,,,,,,,
GB-COH-4905100,,,,,,,
GB-COH-5155300,,,,,,,
GB-COH-5419428,,,,,,,
GB-COH-7207947,,,,,,,
GB-COH-7557881,,,,,,,
GB-COH-8159144,,,,,,,
GB-COH-871954,,,,,,,
GB-COH-877338,,,,,,,
GB-COH-8835431,,,,,,,
GB-COH-FC012665,,,,,,,
GB-COH-NI011322,,,,,,,
GB-COH-NI21482,,,,,,,
GB-COH-NI630024,,,,,,,
GB-COH-OC301540,,,,,,,
GB-COH-OC305127,,,,,,,
GB-COH-OC350651,,,,,,,
GB-COH-RC000297,,,,,,,
GB-COH-RC000346,,,,,,,
GB-COH-RC000631,,,,,,,
GB-COH-RC000658,,,,,,,
GB-COH-RC000660,,,,,,,
GB-COH-RC000664,,,,,,,
GB-COH-RC000749,,,,,,,
GB-COH-RC000797,,,,,,,
GB-COH-SC100833,,,,,,,
GB-COH-SC301345,,,,,,,
GB-COH-SC349355,,,,,,,
GB-EDU-133784,,,,,,,
GB-GOV-1,UK,"UK - Foreign, Commonwealth and Development Office (DFID)",bilateral,3,3,,
GB-GOV-10,UK,UK - Department of Health and Social Care (DHSC),bilateral,3,0,,
GB-GOV-12,,,,,,,
GB-GOV-13,UK,"UK - Department for Business, Energy and Industrial Strategy",bilateral,3,3,,
GB-GOV-14,,,,,,,
GB-GOV-15,UK,UK - Department for International Trade,bilateral,0,0,,
GB-GOV-2,,,,,,,
GB-GOV-21,,,,,,,
GB-GOV-3,,,,,,,
GB-GOV-50,,,,,,,
GB-GOV-52,,,,,,,
GB-GOV-6,UK,UK - Home Office,bilateral,0,0,,
GB-GOV-7,,,,,,,
GB-GOV-8,,,,,,,
GB-LAE-LND,,,,,,,
GB-NIC-101412,,,,,,,
GB-SC-015096,,,,,,,
GB-SC-037597,,,,,,,
GB-SC-044007,,,,,,,
GB-SC-SC012302,,,,,,,
GB-SC-SC030289,,,,,,,
GB-SC-SC032327,,,,,,,
GB-SC-SC035314,,,,,,,
GB-SC-SC037959,,,,,,,
GB-SC-SCO45223,,,,,,,
GB-UKPRN-10007774,,,,,,,
GH-DSW-1103,,,,,,,
GH-DSW-2000,,,,,,,
GH-DSW-2046,,,,,,,
GH-DSW-258,,,,,,,
GH-DSW-3064,,,,,,,
GH-DSW-4711,,,,,,,
GH-DSW-5574,,,,,,,
GH-RGD-99389,,,,,,,
GH-RGD-CG077262013,,,,,,,
GPAF-IMP-031,,,,,,,
HK-CR-1494242,,,,,,,
HK-CR-2091642,,,,,,,
IE-CHY-15037,,,,,,,
IE-CHY-20009090,,,,,,,
IE-CHY-20009601,,,,,,,
IE-CHY-6410,,,,,,,
IE-CHY-6663,,,,,,,
IE-CHY-6998,,,,,,,
IL-RA-580166452,,,,,,,
IM-CR-024714B,,,,,,,
IN-,,,,,,,
IN-AR-775,,,,,,,
IN-ITA-1886,,,,,,,
IN-MCA-AAE-8458,,,,,,,
IN-MCA-U74140DL1998PLC097579,,,,,,,
IN-MCA-U74140WB1983PTC036093,,,,,,,
IN-MCA-U74999DL2004NPL131340,,,,,,,
IN-MHA-147110006,,,,,,,
IN-MHA-231650063,,,,,,,
IN-MHA-337680017,,,,,,,
IQ-NGO-1Z2634,,,,,,,
IT-CF-00677540288,,,,,,,
IT-CF-95008730160,,,,,,,
IT-CF-97091470589,,,,,,,
IT-RI-97241280151,,,,,,,
JE-FSC-NPO_1108,,,,,,,
JO-CCD-200104681,,,,,,,
JO-CCD-200138796,,,,,,,
JO-CCD-2826,,,,,,,
JO-MSD-2009011100178,,,,,,,
JO-MSD-2013011100066,,,,,,,
KE-KRA-P000634725S,,,,,,,
KE-KRA-P051097200R,,,,,,,
KE-KRA-P051119468K,,,,,,,
KE-KRA-P051155108P,,,,,,,
KE-KRA-P051161193S,,,,,,,
KE-KRA-P051311853T,,,,,,,
KE-KRA-P051502549C,,,,,,,
KE-KRA-P051542095J,,,,,,,
KE-KRA-P051713416W,,,,,,,
KE-NCB-200201282375,,,,,,,
KE-NCB-218/051/15179/10159,,,,,,,
KE-NCB-218/051/93132/90,,,,,,,
KE-NCB-218/051/9384/74,,,,,,,
KE-NCB-218/051/96110/823,,,,,,,
KE-NCB-2180511304359047,,,,,,,
KE-NCB-2180511403539790,,,,,,,
KE-NCB-2180511703310709,,,,,,,
KE-NCB-218051200501953650,,,,,,,
KE-NCB-21805120080955572,,,,,,,
KE-NCB-93175,,,,,,,
KE-NCB-KENCBOP218051200802235390,,,,,,,
KE-NCB-OP/218/051/915/65,,,,,,,
KE-NCB-OP/218/051/924/84,,,,,,,
KE-NCB-OP-218-051-2007-0183-4781,,,,,,,
KE-NCB-OP21805193101154,,,,,,,
KE-NGC-3372,,,,,,,
KE-NGC-663,,,,,,,
KE-NGC-9381,,,,,,,
KE-NGCB-149,,,,,,,
KE-RCO-105217,,,,,,,
KE-RCO-201036685,,,,,,,
KE-RCO-270901,,,,,,,
KE-RCO-78260,,,,,,,
KE-RCO-84486,,,,,,,
KE-RCO-C110031,,,,,,,
KE-RCO-C1-61,,,,,,,
KE-RCO-CPR/2009/5689,,,,,,,
KE-RCO-CPR/2011/63463,,,,,,,
KE-RSO-14210,,,,,,,
KR-GOV-021,,,,,,,
LB-MOI-110,,,,,,,
LB-MOI-1-100,,,,,,,
LB-MOI-18291,,,,,,,
LB-MOI-25465,,,,,,,
LB-MOI-26_AD,,,,,,,
LB-MOI-497,,,,,,,
LB-MOI-6491,,,,,,,
LB-MOI-853,,,,,,,
LK-DRC-GA139,,,,,,,
LR-MPEA-NGO-AC-0298,,,,,,,
ML-NIF-055000335T,,,,,,,
ML-NIF-082208943A,,,,,,,
ML-NIF-400100027H,,,,,,,
MM-MHA-1/Local/0047,,,,,,,
MW-CNM-BCM-CF,,,,,,,
MW-CNM-C057/1998,,,,,,,
MW-CNM-C076-1999,,,,,,,
MW-MRA-20120896,,,,,,,
MW-MRA-20123139,,,,,,,
MW-MRA-20125995,,,,,,,
MW-NBM-00139,,,,,,,
MW-NBM-NGO/L/18/024,,,,,,,
MW-NBM-R1527,,,,,,,
MW-RG-2977,,,,,,,
MZ-MOJ-100717344,,,,,,,
MZ-MOJ-203D,,,,,,,
mz-moj-64vq1,,,,,,,
MZ-MOJ-F2G1No4,,,,,,,
MZ-MOJ-F30G1No89,,,,,,,
MZ-NUIT-500004037,,,,,,,
MZ-NUIT-50039061,,,,,,,
MZ-NUIT-600000381,,,,,,,
MZ-NUIT-700098168,,,,,,,
MZ-NUIT-700179850,,,,,,,
NE-DGI-5355,,,,,,,
NG-CAC-1260478,,,,,,,
NG-CAC-19258,,,,,,,
NG-CAC-495140,,,,,,,
NG-CAC-54522,,,,,,,
NG-CAC-57289,,,,,,,
NG-CAC-5938,,,,,,,
NG-CAC-692943,,,,,,,
NG-CAC-73022,,,,,,,
NG-CAC-83813,,,,,,,
NG-CAC-IT-23286,,,,,,,
NG-CAC-RC481360,,,,,,,
NI-MIGOB-3602,,,,,,,
NL-CCI-20081098,,,,,,,
NL-KVK-06702132,,,,,,,
NL-KVK-08134161,,,,,,,
NL-KVK-08215619-201210000,,,,,,,
NL-KVK-09098104,,,,,,,
NL-KVK-09119363,,,,,,,
NL-KVK-09181221,,,,,,,
NL-KVK-20093733,,,,,,,
NL-KVK-24316726,,,,,,,
NL-KVK-24365461,,,,,,,
NL-KVK-27078545,,,,,,,
NL-KVK-27102631,,,,,,,
NL-KVK-27108436,,,,,,,
NL-KVK-27189542,,,,,,,
NL-KVK-27195046,,,,,,,
NL-KVK-27248417,,,,,,,
NL-KVK-27251823,,,,,,,
NL-KVK-27264198,,,,,,,
NL-KVK-27267681,,,,,,,
NL-KVK-27284008,,,,,,,
NL-KVK-27290536,,,,,,,
NL-KVK-27293385,,,,,,,
NL-KVK-27302841,,,,,,,
NL-KVK-27327087,,,,,,,
NL-KVK-27367015,,,,,,,
NL-KVK-27368929,,,,,,,
NL-KVK-27378529,Netherlands,Netherlands - Enterprise Agency,bilateral,3,3,,
NL-KVK-30114696,,,,,,,
NL-KVK-30157019,,,,,,,
NL-KVK-30195730,,,,,,,
NL-KVK-30204842,,,,,,,
NL-KVK-30214009,,,,,,,
NL-KVK-30238214,,,,,,,
NL-KVK-30276595,,,,,,,
NL-KVK-30285304,,,,,,,
NL-KVK-30285304,,,,,,,
NL-KVK-32037590,,,,,,,
NL-KVK-32092131,,,,,,,
NL-KVK-32102434,,,,,,,
NL-KVK-32108345,,,,,,,
NL-KVK-33185213,,,,,,,
NL-KVK-33226495,,,,,,,
NL-KVK-34106722,,,,,,,
NL-KVK-34111374,,,,,,,
NL-KVK-34141098,,,,,,,
NL-KVK-34148682,,,,,,,
NL-KVK-34159275,,,,,,,
NL-KVK-34185938,,,,,,,
NL-KVK-34197379,,,,,,,
NL-KVK-34200988 (deprecated),,,,,,,
NL-KVK-34214586,,,,,,,
NL-KVK-34219433,,,,,,,
NL-KVK-34229026,,,,,,,
NL-KVK-34234456,,,,,,,
NL-KVK-34271281,,,,,,,
NL-KVK-34308169,,,,,,,
NL-KVK-34370207,,,,,,,
NL-KVK-40407706,,,,,,,
NL-KVK-40409352,,,,,,,
NL-KVK-40478591,,,,,,,
NL-KVK-40530156,,,,,,,
NL-KVK-40530467,,,,,,,
NL-KVK-40530953,,,,,,,
NL-KVK-40535338,,,,,,,
NL-KVK-40594571,,,,,,,
NL-KVK-41009723,,,,,,,
NL-KVK-41022454,,,,,,,
NL-KVK-41048542,,,,,,,
NL-KVK-41077447,,,,,,,
NL-KVK-41078390,,,,,,,
NL-KVK-41081480,,,,,,,
NL-KVK-41118168,,,,,,,
NL-KVK-41145371,,,,,,,
NL-KVK-41146461,,,,,,,
NL-KVK-41146484,,,,,,,
NL-KVK-41149287,,,,,,,
NL-KVK-41149486,,,,,,,
NL-KVK-41149831,,,,,,,
NL-KVK-41150085,,,,,,,
NL-KVK-41150298,,,,,,,
NL-KVK-41150939,,,,,,,
NL-KVK-41151952,,,,,,,
NL-KVK-41152786,,,,,,,
NL-KVK-41152832,,,,,,,
NL-KVK-41153698,,,,,,,
NL-KVK-41155305,,,,,,,
NL-KVK-41158230,,,,,,,
NL-KVK-41159889,,,,,,,
NL-KVK-41160054,,,,,,,
NL-KVK-41160229,,,,,,,
NL-KVK-41166983,,,,,,,
NL-KVK-41167934,,,,,,,
NL-KVK-41169161,,,,,,,
NL-KVK-41172933,,,,,,,
NL-KVK-41177385,,,,,,,
NL-KVK-41177588,,,,,,,
NL-KvK-41177601,,,,,,,
NL-KVK-41179943,,,,,,,
NL-KVK-41180500,,,,,,,
NL-KVK-41180885,,,,,,,
NL-KVK-41185216,,,,,,,
NL-KVK-41186799,,,,,,,
NL-KVK-41188664,,,,,,,
NL-KVK-41193594,,,,,,,
NL-KVK-41197411,,,,,,,
NL-KVK-41197577,,,,,,,
NL-KVK-41198677,,,,,,,
NL-KVK-41198890,,,,,,,
NL-KVK-41199723,,,,,,,
NL-KVK-41201198,,,,,,,
NL-KVK-41201463,,,,,,,
NL-KVK-41201644,,,,,,,
NL-KVK-41201806,,,,,,,
NL-KVK-41202535,,,,,,,
NL-KVK-41207580,,,,,,,
NL-KVK-41207989,,,,,,,
NL-KVK-41208024,,,,,,,
NL-KVK-41208813,,,,,,,
NL-KVK-41209946,,,,,,,
NL-KVK-41210098,,,,,,,
NL-KVK-41210820,,,,,,,
NL-KVK-41211943,,,,,,,
NL-KVK-41213450,,,,,,,
NL-KVK-41214768,,,,,,,
NL-KVK-41215393,,,,,,,
NL-KVK-41217404,,,,,,,
NL-KVK-41217595,,,,,,,
NL-KVK-41223308,,,,,,,
NL-KVK-41236410,,,,,,,
NL-KVK-50130536,,,,,,,
NL-KVK-50744984,,,,,,,
NL-KVK-51756811,,,,,,,
NL-KVK-52957535,,,,,,,
NL-KVK-53521129,,,,,,,
NL-KVK-53744993,,,,,,,
NL-KVK-53815211,,,,,,,
NL-KVK-54436222,,,,,,,
NL-KVK-56083459,,,,,,,
NL-KVK-56185154,,,,,,,
NL-KVK-56484038,,,,,,,
NL-KVK-56821743,,,,,,,
NL-KVK-58183167,,,,,,,
NL-KVK-58279199,,,,,,,
NL-KVK-60633468,,,,,,,
NL-KVK-61172863,,,,,,,
NL-KVK-62066064,,,,,,,
NL-KVK-64460789,,,,,,,
NL-KVK-64763064,,,,,,,
NL-KVK-65306198,,,,,,,
NL-KVK-66926262,,,,,,,
NL-KVK-67143555,,,,,,,
NL-KVK-70048436,,,,,,,
NL-KVK-70292361,,,,,,,
NL-KVK-70292388,,,,,,,
NL-KVK-70333564,,,,,,,
NL-KVK-72849770,,,,,,,
NL-KVK-729081140000,,,,,,,
NL-KVK-74064800,,,,,,,
NL-KVK-815165924,,,,,,,
NL-KVK-855689493,,,,,,,
NL-KVK-9099028,,,,,,,
NO-BRC-871033552,,,,,,,
NO-BRC-917687811,,,,,,,
NO-BRC-971277882,Norway,Norway - Norad,bilateral,3,3,,
NO-BRC-977538319,,,,,,,
NO-BRC-980997278,,,,,,,
NP-CRO-45995/063/064,,,,,,,
NP-DAO-27-127/062/063,,,,,,,
NP-DAO-27-689/063/064,,,,,,,
NP-DAO-531/062/063,,,,,,,
NP-DAO-DANG-18-046/47,,,,,,,
NP-IRD-302113730,,,,,,,
NP-IRD-302274734,,,,,,,
NP-SWC-00589,,,,,,,
NP-SWC-10136,,,,,,,
NP-SWC-13712,,,,,,,
NP-SWC-17775,,,,,,,
NP-SWC-1844,,,,,,,
NP-SWC-24,,,,,,,
NP-SWC-27288,,,,,,,
NP-SWC-27693,,,,,,,
NP-SWC-37725,,,,,,,
NP-SWC-46024,,,,,,,
NP-SWC-8220,,,,,,,
NZ-1,New Zealand,New Zealand - Ministry of Foreign Affairs and Trade,bilateral,3,3,,
PE-SUNARP-11744379,,,,,,,
PE-SUNARP-12623829,,,,,,,
PH-SEC-FN200806591,,,,,,,
PK-MSW-633-1965,,,,,,,
PK-SEC-0080655,,,,,,,
PK-SEC-0105957,,,,,,,
PK-VSWA-32-2004,,,,,,,
PK-VSWA-511-2007,,,,,,,
PS-MOI-RA-22220-A,,,,,,,
RS-APR-17062603,,,,,,,
RW-RGB-002-RGB-NGO-2017,,,,,,,
RW-RGB-101-RGB-NGO-2014,,,,,,,
RW-RGB-114-RGB-RGO-2013,,,,,,,
RW-RGB-61-RGB-NGO-2017,,,,,,,
RW-RGB-77-RGB-NGO-2013,,,,,,,
SACU,,,,,,,
SE-0,Sweden,Sweden,bilateral,2,3,"Pro-rata need to apply. Spreqad 2018, 2019 and 2020.",
SE-ON-802004-1524,,,,,,,
SE-ON-802005-9823,,,,,,,
SE-ON-802007-2446,,,,,,,
SE-ON-802017-3517,,,,,,,
SE-ON-802425-8702,,,,,,,
SK-ZRSR-31784828,,,,,,,
SL-NRA-1001562-8,,,,,,,
SN-NINEA-621108990A0,,,,,,,
SS-RRC-004,,,,,,,
TN-TIN-102123727,,,,,,,
TR-MOI-27-018-163,,,,,,,
TR-MOI-27-019-074,,,,,,,
TZ-BRE-63966,,,,,,,
TZ-BRLA-36057,,,,,,,
TZ-BRLA-4368,,,,,,,
TZ-TRA-101-091-759,,,,,,,
TZ-TRA-101-304-795,,,,,,,
TZ-TRA-102316134,,,,,,,
TZ-TRA-110-664-087,,,,,,,
TZ-TRA-116315386,,,,,,,
TZ-TRA-121406209,,,,,,,
UG-NGB-0498,,,,,,,
UG-NGB-10890,,,,,,,
UG-NGB-12317,,,,,,,
UG-NGB-1826,,,,,,,
UG-NGB-5914-129,,,,,,,
UG-NGB-5914-252,,,,,,,
UG-NGB-5914-7209,,,,,,,
UG-NGB-5914-9186,,,,,,,
UG-NGB-63360,,,,,,,
UG-NGO-3329,,,,,,,
UG-RSB-73316,,,,,,,
UG-RSB-80010000253134/25060,,,,,,,
UG-RSB-80010003259159/105066,,,,,,,
US-18,US,US - Millennium Challenge Corporation,bilateral,0,0,,
US-501c3-522318905,,,,,,,
US-DOS-64562614,,,,,,,
US-EIN-030358029,,,,,,,
US-EIN-03-0419743,,,,,,,
US-EIN-04-2103547,,,,,,,
US-EIN-042312909,,,,,,,
US-EIN-042347643,,,,,,,
US-EIN-06-1597-668,,,,,,,
US-EIN-06-1608361,,,,,,,
US-EIN-11-3580024,,,,,,,
US-EIN-11-3803281,,,,,,,
US-EIN-13-1624114,,,,,,,
US-EIN-13-1687001,,,,,,,
US-EIN-13-1740011,,,,,,,
US-EIN-13-1804349,,,,,,,
US-EIN-131837418,,,,,,,
US-EIN-13-2626135,,,,,,,
US-EIN-13-2702768,,,,,,,
US-EIN-13-2890727,,,,,,,
US-EIN-13-3287064,,,,,,,
US-EIN-13-3287064NAM,,,,,,,
US-EIN-13-3327220,,,,,,,
US-EIN-13-3377893,,,,,,,
US-EIN-13-3870223,,,,,,,
US-EIN-13-4128413,,,,,,,
US-EIN-134166228,,,,,,,
US-EIN-13-5563422,,,,,,,
US-EIN-13-5660870,,,,,,,
US-EIN-14-1945286,,,,,,,
US-EIN-20-1173866,,,,,,,
US-EIN-203908371,,,,,,,
US-EIN-20-4451390,,,,,,,
US-EIN-20-8530747,,,,,,,
US-EIN-22-1754524,,,,,,,
US-EIN-22-2852248,,,,,,,
US-EIN-22-3087809,,,,,,,
US-EIN-22-3900800,,,,,,,
US-EIN-23-1352010,,,,,,,
US-EIN-23-2220051,,,,,,,
US-EIN-23-7069110,,,,,,,
US-EIN-237297651,,,,,,,
US-EIN-237413005,,,,,,,
US-EIN-26-1931968,,,,,,,
US-EIN-262681792,,,,,,,
US-EIN-26-3933134,,,,,,,
US-EIN-26-4129153,,,,,,,
US-EIN-27-1414646,,,,,,,
US-EIN-27-1661997,,,,,,,
US-EIN-27-3755556,,,,,,,
US-EIN-27-4933181,,,,,,,
US-EIN-27-5026293,,,,,,,
US-EIN-27-5026463,,,,,,,
US-EIN-300108263,,,,,,,
US-EIN-30-0739799,,,,,,,
US-EIN-31-1812979,,,,,,,
US-EIN-32-0060251,,,,,,,
US-EIN-33-1112770,,,,,,,
US-EIN-45-2779314,,,,,,,
US-EIN-45-2796201,,,,,,,
US-EIN-45-4613016,,,,,,,
US-EIN-45-5015494,,,,,,,
US-EIN-463668128,,,,,,,
US-EIN-471065461,,,,,,,
US-EIN-47-3594688,,,,,,,
US-EIN-47-4128047,,,,,,,
US-EIN-47-5049026,,,,,,,
US-EIN-52-0595110,,,,,,,
US-EIN-52-1238773,,,,,,,
US-EIN-521257057,,,,,,,
US-EIN-521291786,,,,,,,
US-EIN-521750875,,,,,,,
US-EIN-52-1764268,,,,,,,
US-EIN-52-1818273,,,,,,,
US-EIN-522043740,,,,,,,
US-EIN-522044704,,,,,,,
US-EIN-522112460,,,,,,,
US-EIN-52-2145827,,,,,,,
US-EIN-52-5170039,,,,,,,
US-EIN-54-0536100,,,,,,,
US-EIN-550825466,,,,,,,
US-EIN-56-1071085,,,,,,,
US-EIN-56-2460366,,,,,,,
US-EIN-58-1454716,,,,,,,
US-EIN-58-2368165,,,,,,,
US-EIN-63-0676451,,,,,,,
US-EIN-75-3130860,,,,,,,
US-EIN-84-1166148,,,,,,,
US-EIN-84-1648607,,,,,,,
US-EIN-900634376,,,,,,,
US-EIN-91-1148123,,,,,,,
US-EIN-91-1157127,,,,,,,
US-EIN-941191246,,,,,,,
US-EIN-941655673,,,,,,,
US-EIN-94-3045180,,,,,,,
US-EIN-943287156,,,,,,,
US-EIN-95-3202116,,,,,,,
US-GOV-1,US,US - U.S. Agency for International Development,bilateral,3,3,,
US-IRS-13-5661832,,,,,,,
US-IRS-562339052,,,,,,,
US-USAGOV,US,US - The federal government of the United States,bilateral,0,3,,
XI-BRIDGE-1812689272,,,,,,,
XI-BRIDGE-6385676864,,,,,,,
XI-GRID-grid.11194.3c,,,,,,,
XI-GRID-grid.13001.33,,,,,,,
XI-GRID-grid.419346.d,,,,,,,
XI-GRID-grid.442459.a,,,,,,,
XI-GRID-grid.442465.5,,,,,,,
XI-GRID-grid.442626.0,,,,,,,
XI-GRID-grid.52681.38,,,,,,,
XI-GRID-grid.8193.3,,,,,,,
XI-GRID-grid.9783.5,,,,,,,
XI-GRID-grid.9829.a,,,,,,,
XI-IATI-035026724,,,,,,,
XI-IATI-1001,,,,,,,
XI-IATI-1002,,,,,,,
XI-IATI-5914-1107,,,,,,,
XI-IATI-ACATBA,,,,,,,
XI-IATI-AGR,,,,,,,
XI-IATI-CABI,,,,,,,
XI-IATI-CWSEC,,,,,,,
XI-IATI-DGF,,,,,,,
XI-IATI-EBRD,European Bank for Reconstruction and Development,European Bank for Reconstruction and Development,ifi,3,3,,
XI-IATI-EC_DEVCO,EC,EC - Development and Cooperation-EuropeAid,bilateral,3,3,,
XI-IATI-EC_ECHO,EC,EC - ECHO,bilateral,3,3,,
XI-IATI-EC_FPI,EC,EC - Service for Foreign Policy Instruments,bilateral,3,3,,
XI-IATI-EC_NEAR,EC,EC - DG Neighbourhood and Enlargement Negotiations,bilateral,3,3,,
XI-IATI-ESFD,,,,,,,
XI-IATI-FIABEL,,,,,,,
XI-IATI-IADB,Inter-American Development Bank,Inter-American Development Bank,ifi,3,3,,
XI-IATI-IKI,,,,,,,
XI-IATI-LPI,,,,,,,
XI-IATI-MIF,Multilateral Investment Fund,Multilateral Investment Fund,ifi,3,3,,
XI-IATI-NSO,,,,,,,
XI-IATI-OCHASDC,,,,,,,
XI-IATI-OFID,,,,,,,
XI-IATI-UNPF,,,,,,,
XI-IATI-WAI,,,,,,,
XM-DAC-1409,,,,,,,
XM-DAC-2-10,Belgium,Belgium - DG Development Cooperation and Humanitarian Aid,bilateral,3,3,,
XM-DAC-21016,International Committee of the Red Cross,International Committee of the Red Cross,multilateral,3,0,OK,
XM-DAC-21018,,,,,,,
XM-DAC-21033,,,,,,,
XM-DAC-21-1,,,,,,,
XM-DAC-236,,,,,,,
XM-DAC-30009,,,,,,,
XM-DAC-30010,Unitaid,Unitaid,multilateral,3,3,OK,OK
XM-DAC-30011,,,,,,,
XM-DAC-301-2,Canada,Canada - International Development Research Centre,bilateral,0,0,,
XM-DAC-3-1,Denmark,"Denmark - Ministry of Foreign Affairs, Denmark",bilateral,3,3,,
XM-DAC-41108,International Fund for Agricultural Development,International Fund for Agricultural Development (IFAD),multilateral,3,0,OK,Not Ok - completely different scale
XM-DAC-41110,UNAIDS,UNAIDS,multilateral,0,0,OK,
XM-DAC-41111,,,,,,,
XM-DAC-41114,UNDP,UNDP,multilateral,3,0,OK from 2019,Not OK
XM-DAC-41116,,,,,,,
XM-DAC-41121,UNHCR,UNHCR,multilateral,0,0,Not OK - no 2020,No comms
XM-DAC-41122,UNICEF,UNICEF,multilateral,3,2,OK from 2019,Pro rata - spread 2019 and 2020
XM-DAC-41123,UNIDO,UNIDO,multilateral,2,0,Pro-rata need to apply - Spread September 2020 across Jan - September,No comms
XM-DAC-41127,UNOCHA,UNOCHA,multilateral,3,3,OK,OK
XM-DAC-41130,UNRWA,UNRWA,multilateral,2,0,Pro-rata need to apply - Spread December 2019 across full year?,Check
XM-DAC-41140,World Food Programme,World Food Programme,multilateral,3,3,OK,OK
XM-DAC-41146,,,,,,,
XM-DAC-41301,,,,,,,
XM-DAC-41302,,,,,,,
XM-DAC-41304,,,,,,,
XM-DAC-43000,,,,,,,
XM-DAC-45001,,,,,,,
XM-DAC-46009,,,,,,,
XM-DAC-47008,,,,,,,
XM-DAC-47021,,,,,,,
XM-DAC-47056,,,,,,,
XM-DAC-47058,,,,,,,
XM-DAC-47059,International Development Law Organization (IDLO),International Development Law Organization (IDLO),multilateral,0,0,Not OK - Nothing,Noty Ok
XM-DAC-47064,,,,,,,
XM-DAC-47066,,,,,,,
XM-DAC-47080,,,,,,,
XM-DAC-47086,,,,,,,
XM-DAC-47136,,,,,,,
XM-DAC-47501,,,,,,,
XM-DAC-5-7,Germany,Germany - Federal Foreign Office,bilateral,3,3,,
XM-DAC-576,,,,,,,
XM-DAC-61-2,,,,,,,
XM-DAC-6-4,,,,,,,
XM-DAC-69-1,,,,,,,
XM-DAC-7,Netherlands,Netherlands - Ministry of Foreign Affairs (DGIS),bilateral,3,3,,
XM-DAC-701-2,,,,,,,
XM-DAC-701-8,,,,,,,
XM-DAC-77,,,,,,,
XM-DAC-84,,,,,,,
XM-DAC-903,International Finance Corporation,International Finance Corporation,ifi,0,3,,
XM-DAC-918-3,EC,EC - European Investment Bank,bilateral,0,3,,
XM-DAC-928,,,,,,,
XM-OCHA-CBPF,,,,,,,
XM-OCHA-CERF,UNOCHA,UNOCHA - Central Emergency Response Fund (CERF),multilateral,3,0,OK,Check
XM-OCHA-FTS18563,,,,,,,
XM-OCHA-HPC3664,,,,,,,
XM-OCHA-HPC6770,,,,,,,
XM-OCHA-HPC8568,,,,,,,
YE-MSAL-18-2013,,,,,,,
YE-MSAL-473-2001,,,,,,,
YE-MSAL-49-M-2019,,,,,,,
YE-MSAL-80/295,,,,,,,
ZA-CIP-2005-028883-23,,,,,,,
ZA-CIP-2007-0308903-08,,,,,,,
ZA-CIPC-2001/005850/08,,,,,,,
ZA-NPO-006-981,,,,,,,
ZA-NPO-013484,,,,,,,
ZA-NPO-025-359,,,,,,,
ZA-NPO-029-864,,,,,,,
ZA-NPO-048-364,,,,,,,
ZA-NPO-061-870,,,,,,,
ZA-PBO-064-502,,,,,,,
ZA-PBO-930040668,,,,,,,
ZA-ROC-1999/05072/08,,,,,,,
ZW-PVO-15/2003,,,,,,,
ZW-PVO-26/79,,,,,,,
ZW-PVO-WO1789,,,,,,,
ZW-ROD-MA0000405/2015,,,,,,,
ZW-ROD-MA988/87,,,,,,,
